,,,,,,,
CÓDIGO,FECHA,MARCA,MODELO,CAPACIDAD,COLOR,BATERIA ,COSTO TOTAL
7,9/12/2024,IPHONE,MAQ. BILLETES DE MANO,-,-,SELLADO,$48
8,9/12/2024,IPHONE,CAFETERA ORYX,"1,2L",-,SELLADO,$29
3786,25/02/2026,IPHONE,14 PRO MAX ,128,GOLD,85,$570
14,9/12/2024,IPHONE,CARGADOR MACBOOK,-,-,SELLADO,$53
17,27/01/2025,IPHONE,14,128,MIDNIGHT,85,$515
38,3/04/2025,IPHONE,15 PRO,128,BLUE,88,$790
39,4/04/2025,IPHONE,15 PRO,128,BLACK,89,$950
66,23/05/2025,IPHONE,APPLE WATCH ULTRA 2 ,49MM,NAVY OCEAN,SELLADO,$815
83,30/05/2025,IPHONE,15 PRO,128,NATURAL,88,$730
163,2/07/2025,IPHONE,14,128,MIDNIGHT,86,$420
568,22/07/2025,IPHONE,16,128,TEAL,100,$868
731,5/08/2025,IPHONE,JBL XTREME 4,-,BLACK,SELLADO,$290
902,13/08/2025,IPHONE,15 PRO MAX,256,NATURAL,85,$800
1166,28/08/2025,IPHONE,15 PRO MAX,256,BLACK,86,$908
1220,3/09/2025,IPHONE,15 PRO,128,BLUE,100,$657
1340,12/09/2025,IPHONE,13,128,GREEN,100,$409
1431,16/09/2025,IPHONE,14 PRO,128,SPACE BLACK,100,$506
1461,19/09/2025,IPHONE,PERFUME ONE MILLON,100ML,-,SELLADO,$75
1504,24/09/2025,IPHONE,APPLE PENCIL USB-C,-,-,SELLADO,$170
1582,30/09/2025,IPHONE,IPAD AIR 13 M2,256,SPACE GRAY,SELLADO,$785
1583,30/09/2025,IPHONE,IPAD AIR 13 M2,128,BLUE,SELLADO,$615
1636,2/10/2025,IPHONE,17 AIR,256,LIGHT GOLD,SELLADO,$1.157
1640,2/10/2025,IPHONE,17 AIR,512,SPACE BLACK,SELLADO,$1.357
1652,2/10/2025,IPHONE,MACBOOK AIR 13 M3,512,SILVER,SELLADO,$1.030
1694,7/10/2025,IPHONE,15 PRO,128,BLUE,88,$680
1706,8/10/2025,IPHONE,15 PRO MAX,256,WHITE,87,$805
1707,8/10/2025,IPHONE,15 PRO MAX,256,BLACK TITANIUM,86,$760
1750,8/10/2025,IPHONE,15 PRO MAX,256,BLUE,87,$770
1787,13/10/2025,IPHONE,16 PRO MAX,256,NATURAL,100,$970
1817,14/10/2025,IPHONE,PERFUME LA ROUGE,-,-,SELLADO,$26
1904,21/10/2025,IPHONE,XIAOMI POCO M7,128,BLACK,SELLADO,$155
1936,22/10/2025,IPHONE,15 PRO MAX,256,BLUE,87,$770
1959,24/10/2025,IPHONE,,,,,$0
1972,27/10/2025,IPHONE,15 PRO MAX,256,WHITE,87,$750
1973,27/10/2025,IPHONE,15 PRO MAX,256,NATURAL,86,$740
1981,28/10/2025,IPHONE,15 PRO MAX,256,BLACK,100,$775
1989,28/10/2025,IPHONE,15 PRO,128,NATURAL,86,$680
2016,30/10/2025,IPHONE,15 PRO,128,BLUE,88,$680
2084,4/11/2025,IPHONE,16 PRO MAX,256,DESERT,94,$877
2085,4/11/2025,IPHONE,16 PRO MAX,256,DESERT,93,$690
2136,5/11/2025,IPHONE,15 PRO MAX,256,BLACK,85,$760
2139,5/11/2025,IPHONE,15 PRO,128,BLUE,89,$670
2168,7/11/2025,IPHONE,16 PRO MAX,256,DESERT,91,$950
2188,10/11/2025,IPHONE,16 PRO,256,BLACK,95,$900
2209,12/11/2025,IPHONE,16 PRO MAX,256,DESERT,91,$920
2280,17/11/2025,IPHONE,11,128,WHITE,100,$141
2345,20/11/2025,IPHONE,15 PRO,128,BLUE,88,$620
2354,20/11/2025,IPHONE,15 PRO,256,BLACK,85,$620
2383,25/11/2025,IPHONE,15 PRO,128,BLUE,86,$620
2400,26/11/2025,IPHONE,12 MINI,64,STARLIGHT,76,$167
2448,1/12/2025,IPHONE,15 PRO,128,NATURAL ,87,$650
2451,1/12/2025,IPHONE,15,128,BLUE,85,$450
2452,1/12/2025,IPHONE,15 PRO MAX,256,WHITE,85,$700
2460,2/12/2025,IPHONE,12,128,PURPLE,100,$214
2494,3/12/2025,IPHONE,14,128,MIDNIGHT,85,$320
2499,3/12/2025,IPHONE,15 PRO MAX,256,BLACK,100,$770
2500,3/12/2025,IPHONE,15 PRO MAX,256,WHITE,85,$710
2506,4/12/2025,IPHONE,15 PRO,128,BLUE,89,$580
2521,4/12/2025,IPHONE,15 PRO,128,BLUE,86,$570
2522,4/12/2025,IPHONE,13 PRO,128,SILVER,100,$380
2539,5/12/2025,IPHONE,15 PRO MAX,256,BLACK,87,$700
2605,11/12/2025,IPHONE,15 PRO,128,WHITE,87,$570
2615,11/12/2025,IPHONE,12,64,BLUE,100,$184
2628,12/12/2025,IPHONE,13 PRO MAX,128,SIERRA BLUE,100,$462
2688,16/12/2025,IPHONE,17 PRO,256,ORANGE,SELLADO,$1.225
2691,16/12/2025,IPHONE,IPAD A16 ,128,BLUE,SELLADO,$425
2725,17/12/2025,IPHONE,17 PRO,256,ORANGE,SELLADO,$1.208
2734,17/12/2025,IPHONE,17,256,MIST BLUE,SELLADO,$922
2735,17/12/2025,IPHONE,17,256,SAGE GREEN,SELLADO,$922
2754,18/12/2025,IPHONE,MONOPATIN CLAP 2025,-,-,SELLADO,$752
2774,19/12/2025,IPHONE,11 PRO,256,GRAPHITE,100,$226
2779,22/12/2025,IPHONE,13 PRO MAX,256,GRAPHITE,100,$492
2785,22/12/2025,IPHONE,16 PRO MAX,256,WHITE,94,$870
2794,22/12/2025,IPHONE,15 PRO,128,BLUE,87,$580
2817,23/12/2025,IPHONE,14 PRO,256,SPACE BLACK,100,$406
2829,24/12/2025,IPHONE,16 PRO,128,BLACK,97,$750
2833,29/12/2025,IPHONE,17,256,SAGE GREEN,100,$900
2834,29/12/2025,IPHONE,15,256,PINK,90,$450
2837,29/12/2025,IPHONE,REDMI 15,256, GRIS,SELLADO,$165
2842,29/12/2025,IPHONE,15,128,BLUE,90,$400
2843,29/12/2025,IPHONE,16 PRO ,256,WHITE,92,$750
2846,29/12/2025,IPHONE,13,128,MIDNIGHT,100,$290
2847,29/12/2025,IPHONE,11,128,GREEN,100,$121
2848,,IPHONE,14,128,MIDNIGHT,SELLADO,$550
2864,30/12/2025,IPHONE,13,128,GREEN,100,$280
11,27/12/2024,IPHONE,14 PRO MAX,128,DEEP PURPLE,85,$740
2865,30/12/2025,IPHONE,14 PRO MAX,256,SPACE BLACK,87,$500
2867,30/12/2025,IPHONE,16 PRO MAX,256,WHITE,93,$800
2869,31/12/2025,IPHONE,13 PRO,256,SIERRA BLUE,100,$450
2878,10/11/2025,IPHONE,13,128,MIDNiGHT,90,$340
2879,31/12/2025,IPHONE,17 PRO,256,SILVER,SELLADO,$1.225
2880,31/12/2025,IPHONE,17 PRO MAX,256,SILVER,SELLADO,$1.390
2881,31/12/2025,IPHONE,17 PRO,256,SILVER,SELLADO,$1.230
2882,31/12/2025,IPHONE,PS5 DIGITAL,-,-,SELLADO,$530
2883,5/01/2026,IPHONE,MAC BOOK M4,256,STARLIGHT,SELLADO,$1.000
2884,5/01/2026,IPHONE,17 PRO,256,SILVER,SELLADO,$1.250
2885,5/01/2026,IPHONE,17 PRO,256,SILVER,SELLADO,$1.250
2886,5/01/2026,IPHONE,17 PRO,256,DEEP BLUE,SELLADO,$1.250
2887,5/01/2026,IPHONE,14,128,MIDNIGTH,85,$320
2889,5/01/2026,IPHONE,17 PRO,256,SILVER,SELLADO,$1.260
2890,5/01/2026,IPHONE,17 PRO MAX,256,ORANGE,SELLADO,$1.360
2891,5/01/2026,IPHONE,17 PRO MAX,256,DEEP BLUE,SELLADO,$1.360
2892,5/01/2026,IPHONE,SAMSUNG A 16,1024,GRAY,SELLADO,$227
2893,5/01/2026,IPHONE,XIOMI 15 T PRO,256,BLACK,SELLADO,$810
2894,5/01/2026,IPHONE,16 PRO MAX,256,DESERT,89,$890
2895,5/01/2026,IPHONE,17 PRO MAX,256,SILVER,SELLADO,$1.370
2896,5/01/2026,IPHONE,17 PRO MAX,256,SILVER,SELLADO,$1.370
2897,5/01/2026,IPHONE,11 PRO,256,ALPHINE GREEN,87,$220
2898,5/01/2026,IPHONE,11,128,WHITE,100,$171
2899,5/01/2026,IPHONE,17 PRO MAX,256,SILVER,SELLADO,$1.317
2900,5/01/2026,IPHONE,17 PRO MAX,256,SILVER,SELLADO,$1.317
2901,5/01/2026,IPHONE,17 PRO MAX,256,SILVER,SELLADO,$1.317
2902,5/01/2026,IPHONE,17 PRO MAX,256,SILVER,SELLADO,$1.317
2903,5/01/2026,IPHONE,17 PRO MAX,256,SILVER,SELLADO,$1.317
2904,5/01/2026,IPHONE,17 PRO MAX,256,ORANGE,SELLADO,$1.317
2905,5/01/2026,IPHONE,17 PRO MAX,256,ORANGE,SELLADO,$1.317
2906,5/01/2026,IPHONE,17 PRO MAX,256,ORANGE,SELLADO,$1.317
2907,5/01/2026,IPHONE,17 PRO MAX,256,ORANGE,SELLADO,$1.317
2908,5/01/2026,IPHONE,17 PRO MAX,256,ORANGE,SELLADO,$1.317
2909,5/01/2026,IPHONE,13,128,STARLIGHT,SELLADO,$490
2910,5/01/2026,IPHONE,17 PRO MAX,512,ORANGE,SELLADO,$1.600
2911,5/01/2026,IPHONE,17 PRO,512,ORANGE,SELLADO,$1.450
2912,5/01/2026,IPHONE,JBL GO 4,-,ORANGE,SELLADO,$40
2913,5/01/2026,IPHONE,17 PRO MAX,256,ORANGE,SELLADO,$1.360
2914,5/01/2026,IPHONE,MOTO G84,256,BLUE,SELLADO,$215
2915,6/01/2026,IPHONE,13,128,MIDNIGTH,100,$289
2916,6/01/2026,IPHONE,14 PLUS,128,MIDNIGHT,85,$340
2917,6/01/2026,IPHONE,13 PRO,256,SIERRA BLUE,87,$460
2918,6/01/2026,IPHONE,15 PRO MAX,256,WHITE,88,$600
2919,6/01/2026,IPHONE,13 PRO,128,GOLD,100,$450
2920,6/01/2026,IPHONE,AIR PODS,-,-,SELLADO,$135
2921,6/01/2026,IPHONE,BOMBOX3,-,BLACK,SELLADO,$420
2922,6/01/2026,IPHONE,POCO F6,256,VERDE,SELLADO,$305
2923,6/01/2026,IPHONE,MOTO G15,128,VERDE,SELLADO,$116
2924,6/01/2026,IPHONE,REDMI 14C,128,BLACK,SELLADO,$110
2925,6/01/2025,IPHONE,14,128,MIDNIGHT,87,$370
2926,6/01/2026,IPHONE,A26,128,MINT,SELLADO,$215
2927,6/01/2026,IPHONE,A16,128,BLACK,SELLADO,$131
2928,6/01/2026,IPHONE,MOTO E15,64,AZUL,SELLADO,$86
2929,6/01/2026,IPHONE,MOTO G06,128,-,SELLADO,$115
2930,6/01/2026,IPHONE,JOYSTICK PS5,-,BLACK,SELLADO,$80
2931,6/01/2026,IPHONE,16,128,BLACK,SELLADO,$760
2932,6/01/2026,IPHONE,16,128,WHITE,SELLADO,$760
2933,12/12/2025,IPHONE,12 PRO,128,BLUE OCEAN,100,$234
2934,6/01/2026,IPHONE,16 PRO MAX,256,NATURAL,92,$900
2935,7/01/2026,IPHONE,ODYSSEY MANDARIN SKY,-,-,-,$32
2936,7/01/2026,IPHONE,15,128,BLACK,89,$450
2937,7/01/2026,IPHONE,16,128,WHITE,SELLADO,$760
2938,7/01/2026,IPHONE,MACBOOK AIR M4,256,MIDNIGHT,SELLADO,$1.030
2939,7/01/2026,IPHONE,MACBOOK AIR M4,256,SILVER,SELLADO,$1.000
2940,7/01/2026,IPHONE,17 PRO MAX,256,SILVER,SELLADO,$1.370
2941,7/01/2026,IPHONE,17 PRO,256,ORANGE,SELLADO,$1.230
2942,7/01/2025,IPHONE,12,64,BLUE,100,$160
2943,7/01/2026,IPHONE,17 PRO MAX,512,ORANGE,SELLADO,$1.605
2944,7/01/2026,IPHONE,17,256,BLACK,SELLADO,$970
2945,7/01/2026,IPHONE,17 PRO,256,DEEP BLUE,SELLADO,$1.250
2946,7/01/2026,IPHONE,17 PRO,256,ORANGE,SELLADO,$1.230
2947,7/01/2026,IPHONE,17 PRO,256,SILVER,SELLADO,$1.270
2948,7/01/2026,IPHONE,17 PRO MAX,256,SILVER,SELLADO,$1.370
2949,7/01/2026,IPHONE,REDMI 15,256,GRIS,SELLADO,$165
2950,8/01/2026,IPHONE,16,128,BLUE,93,$580
2951,8/01/2026,IPHONE,16,128,TEAL,93,$580
2952,8/01/2026,IPHONE,16 PRO,256,BLACK,98,$780
2953,8/01/2026,IPHONE,14 PRO,256,SPACE BLACK,100,$536
2954,8/01/2026,IPHONE,13 PRO MAX,512,GOLD,100,$532
2955,8/01/2026,IPHONE,17 PRO MAX,256,DEEP BLUE,SELLADO,$1.390
2956,8/01/2026,IPHONE,17 PRO,256,DEEP BLUE,100,$1.135
2957,8/01/2026,IPHONE,17,256,LAVERDER,SELLADO,$960
2958,8/01/2026,IPHONE,MACBOOK AIR M4,256,SILVER,SELLADO,$1.020
2959,8/01/2026,IPHONE,S25 ULTRA,256,BLACK TITANIUM ,SELLADO,$920
2960,8/01/2026,IPHONE,13 PRO,256,SIERRA BLUE,100,$450
2961,8/01/2026,IPHONE,17 PRO,256,ORANGE,SELLADO,$1.270
2962,8/01/2026,IPHONE,17 PRO,256,DEEP BLUE ,100,$1.125
2963,8/01/2026,IPHONE,17 PRO MAX,256,SILVER,SELLADO,$1.370
2964,8/01/2026,IPHONE,17 PRO MAX,256,SILVER,SELLADO,$1.370
2965,8/01/2026,IPHONE,17 PRO,256,ORANGE,SELLADO,$1.270
2966,8/01/2026,IPHONE,17 PRO,256,ORANGE,SELLADO,$1.270
2967,8/01/2026,IPHONE,14,128,MIDNIGHT,100,$322
2968,8/01/2026,IPHONE,17 PRO MAX,256,DEEP BLUE ,SELLADO,$1.335
2969,8/01/2026,IPHONE,17 PRO MAX,256,DEEP BLUE ,SELLADO,$1.335
2970,8/01/2026,IPHONE,17 PRO MAX,256,DEEP BLUE ,SELLADO,$1.335
2971,8/01/2026,IPHONE,17 PRO MAX,256,ORANGE,SELLADO,$1.335
2972,9/01/2026,IPHONE,17 PRO MAX,256,ORANGE,SELLADO,$1.335
2973,9/01/2026,IPHONE,17 PRO MAX,256,ORANGE,SELLADO,$1.335
2974,9/01/2026,IPHONE,17 PRO MAX,256,ORANGE,SELLADO,$1.335
2975,9/01/2026,IPHONE,17 PRO MAX,256,ORANGE,SELLADO,$1.335
2976,9/01/2026,IPHONE,17 PRO MAX,256,ORANGE,SELLADO,$1.335
2977,9/01/2026,IPHONE,17 PRO MAX,256,ORANGE,SELLADO,$1.335
2978,9/01/2026,IPHONE,17 PRO MAX,256,ORANGE,SELLADO,$1.335
2979,9/01/2026,IPHONE,17 PRO MAX,256,ORANGE,SELLADO,$1.335
2980,9/01/2026,IPHONE,14 PRO,128,DEEP PURPLE,100,$456
2981,9/01/2026,IPHONE,15 PRO,128,BLUE,87,$550
2982,9/01/2026,IPHONE,16,128,STARLIGHT,SELLADO,$760
2983,9/01/2026,IPHONE,16,128,STARLIGHT,SELLADO,$760
2984,9/01/2026,IPHONE,13,128,STARLIGHT,SELLADO,$500
2985,9/01/2026,IPHONE,13,128,STARLIGHT,SELLADO,$500
2986,9/01/2026,IPHONE,17 PRO MAX,256,SILVER,SELLADO,$1.380
2987,9/01/2026,IPHONE,17 PRO,256,SILVER,SELLADO,$1.315
2988,9/01/2026,IPHONE,15 PRO,128,NATURAL,88,$580
2989,15/01/2026,IPHONE,12,64,PURPLE,100,$224
2990,9/01/2026,IPHONE,13,128,MIDNIGHT,100,$300
2991,9/01/2026,IPHONE,14,128,BLUE,100,$352
2992,9/01/2026,IPHONE,16,128,PINK,SELLADO,$760
2993,9/01/2026,IPHONE,JOSTICK PS5 ,-,VERDE,SELLADO,$80
2994,9/01/2026,IPHONE,JOSTICK PS5 ,-,VERDE,SELLADO,$80
2995,12/01/2026,IPHONE,PLAY 5 DIGITAL,-,-,SELLADO,$535
2996,12/01/2026,IPHONE,PLAY 5 DIGITAL,,-,SELLADO,$535
2866,30/12/2025,IPHONE,14 PRO MAX,256,DEEP PURPLE,100,$536
2998,12/01/2026,IPHONE,16 PRO,128,DESERT,93,$750
2999,12/01/2026,IPHONE,17,256,GREEN,SELLADO,$960
3000,12/01/2026,IPHONE,JBL FLIP 7,-,BLACK,SELLADO,$100
3001,12/01/2026,IPHONE,JBL FLIP 7,-,BLACK,SELLADO,$100
3002,12/01/2026,IPHONE,JBL FLIP 7,-,BLACK,SELLADO,$100
3003,12/01/2026,IPHONE,JBL FLIP 7,-,BLACK,SELLADO,$100
3004,12/01/2026,IPHONE,JBL FLIP 7,-,BLACK,SELLADO,$100
3005,12/01/2026,IPHONE,JBL FLIP 7,-,BLACK,SELLADO,$100
3006,12/01/2026,IPHONE,JBL FLIP 7,-,BLACK,SELLADO,$100
3007,12/01/2026,IPHONE,JBL FLIP 7,-,BLACK,SELLADO,$100
3008,12/01/2026,IPHONE,JBL FLIP 7,-,BLACK,SELLADO,$100
3009,12/01/2026,IPHONE,JBL FLIP 7,-,BLACK,SELLADO,$100
3010,12/01/2026,IPHONE,JBL CHARGE 6,-,RED,SELLADO,$143
3011,12/01/2026,IPHONE,JBL CHARGE 6,-,RED,SELLADO,$143
3012,12/01/2026,IPHONE,JBL CHARGE 6,-,BLUE,SELLADO,$143
3013,12/01/2026,IPHONE,JBL CHARGE 6,-,BLUE,SELLADO,$143
3014,12/01/2026,IPHONE,JBL CHARGE 6,-,BLUE,SELLADO,$143
3015,12/01/2026,IPHONE,JBL CHARGE 6,-,BLUE,SELLADO,$143
3016,12/01/2026,IPHONE,JBL CHARGE 6,-,BLACK,SELLADO,$143
3017,12/01/2026,IPHONE,JBL CHARGE 6,-,BLACK,SELLADO,$143
3018,12/01/2026,IPHONE,JBL CHARGE 6,-,BLACK,SELLADO,$143
3019,12/01/2026,IPHONE,JBL CHARGE 6,-,BLACK,SELLADO,$143
3020,12/01/2026,IPHONE,BOOMBOX 3,-,BLACK,SELLADO,$386
3021,12/01/2026,IPHONE,BOOMBOX 3,-,BLACK,SELLADO,$386
3022,12/01/2026,IPHONE,BOOMBOX 3,-,BLACK,SELLADO,$386
3023,12/01/2026,IPHONE,BOOMBOX 4,-,BLACK,SELLADO,$482
3024,12/01/2026,IPHONE,BOOMBOX 4,-,BLACK,SELLADO,$482
3025,12/01/2026,IPHONE,BOOMBOX 4,-,BLACK,SELLADO,$482
3026,12/01/2026,IPHONE,JBL XTREME 4,-,BLACK,SELLADO,$248
3027,12/01/2026,IPHONE,JBL XTREME 4,-,BLACK,SELLADO,$248
3028,12/01/2026,IPHONE,JBL AUTENTIC 300,-,BLACK,SELLADO,$312
3029,12/01/2026,IPHONE,JOSTICK PS5,-,AZUL,SELLADO,$74
3030,12/01/2026,IPHONE,JOSTICK PS5,-,AZUL,SELLADO,$74
3031,12/01/2026,IPHONE,JOSTICK PS5,-,AZUL,SELLADO,$74
3032,12/01/2026,IPHONE,JOSTICK PS5,-,AZUL,SELLADO,$74
3033,12/01/2026,IPHONE,JOSTICK PS5,-,AZUL,SELLADO,$74
3034,12/01/2026,IPHONE,JOSTICK PS5,-,AZUL,SELLADO,$74
3035,12/01/2026,IPHONE,JOSTICK PS5,-,AZUL,SELLADO,$74
3036,12/01/2026,IPHONE,JOSTICK PS5,-,AZUL,SELLADO,$74
3037,12/01/2026,IPHONE,JOSTICK PS5,-,AZUL,SELLADO,$74
3038,12/01/2026,IPHONE,JOSTICK PS5,-,AZUL,SELLADO,$74
3039,12/01/2026,IPHONE,MACBOOOK AIR M3 15P,256,SILVER,SELLADO,$1.150
3040,12/01/2026,IPHONE,MACBOOOK AIR M4 13P,256,SILVER,SELLADO,$1.020
3041,12/01/2026,IPHONE,AIR PODS PRO 3,-,-,SELLADO,$295
3042,12/01/2026,IPHONE,17,256,WHITE,SELLADO,$960
3043,12/01/2026,IPHONE,PS5 DIGITAL,1TB,-,SELLADO,$512
3044,12/01/2026,IPHONE,PS5 DIGITAL ,1TB,-,SELLADO,$512
3045,12/01/2026,IPHONE,PS5 DIGITAL,1TB,-,SELLADO,$512
3046,12/01/2026,IPHONE,PS5 DIGITAL ,1TB,-,SELLADO,$512
3047,12/01/2026,IPHONE,PS5 DIGITAL,1TB,-,SELLADO,$512
3048,12/01/2026,IPHONE,PS5 DIGITAL ,1TB,-,SELLADO,$512
3049,12/01/2026,IPHONE,PS5 DIGITAL,1TB,-,SELLADO,$512
3050,12/01/2026,IPHONE,PS5 DIGITAL ,1TB,-,SELLADO,$512
3051,12/01/2026,IPHONE,PS5 DIGITAL,1TB,-,SELLADO,$512
3052,12/01/2026,IPHONE,PS5 DIGITAL ,1TB,-,SELLADO,$512
3053,12/01/2026,IPHONE,BASE ORIGINAL,-,-,SELLADO,$25
3054,12/01/2026,IPHONE,14,128,MIDNIGHT,SELLADO,$550
3055,12/01/2026,IPHONE,14,128,MIDNIGHT,SELLADO,$550
3056,12/01/2026,IPHONE,17 PRO MAX,256,DEEP BUE,SELLADO,$1.390
3057,12/01/2026,IPHONE,REDMI 14 NOTE,256,OCEAN BLUE,SELLADO,$177
3058,12/01/2026,IPHONE,16 PRO MAX,256,BLACK,93,$900
3059,12/01/2026,IPHONE,11 PRO,64,GRAPHITE,85,$200
3060,12/01/2026,IPHONE,17 PRO,256,DEEP BLUE,SELLADO,$1.350
3062,12/01/2026,IPHONE,13 PRO,128,SIERRA BLUE,100,$330
3063,12/01/2026,IPHONE,S24 FE,256,GRAFITTO,SELLADO,$470
3064,13/01/2026,IPHONE,MAC BOOK PRO M5,1 TB,SILVER,SELLADO,$2.080
3065,13/01/2026,IPHONE,13,128,STARLIGHT,85,$300
3066,13/01/2026,IPHONE,15 PRO MAX,256,NATURAL,88,$700
3067,13/01/2026,IPHONE,14 PRO,256,SPACE BLACK,100,$496
3068,13/01/2026,IPHONE,16 PRO MAX,256,DESERT,100,$900
3069,13/01/2026,IPHONE,14,128,MIDNIGHT,89,$370
3070,13/01/2026,IPHONE,16 PRO MAX,256,NATURAL,100,$900
3071,13/01/2026,IPHONE,17,256,WHITE,SELLADO,$970
3072,13/01/2026,IPHONE,17 PRO,256,ORANGE,SELLADO,$1.300
3073,13/01/2026,IPHONE,17 PRO,256,SILVER,SELLADO,$1.380
3074,13/01/2026,IPHONE,15,128,BLUE,SELLADO,$720
3075,13/01/2026,IPHONE,15,128,PINK,SELLADO,$720
3076,13/01/2026,IPHONE,16,128,BLACK,SELLADO,$760
3077,14/01/2026,IPHONE,17,256,LAVANDA,SELLADO,$960
3078,14/01/2026,IPHONE,17,256,LAVANDA,SELLADO,$960
3079,14/01/2026,IPHONE,15 PRO MAX,256,BLACK,87,$700
3080,14/01/2026,IPHONE,15 PRO MAX,256,WHITE,90,$700
3081,14/01/2026,IPHONE,17 PRO,256,DEEP BLUE,SELLADO,$1.340
3082,14/01/2026,IPHONE,16 PRO MAX,256,BLACK,100,$900
3083,14/01/2026,IPHONE,MOTO G56,256,BLACK,SELLADO,$200
3084,14/01/2026,IPHONE,MOTO G56,256,BLACK,SELLADO,$200
3085,14/01/2026,IPHONE,17,256,WHITE,SELLADO,$970
3086,14/01/2026,IPHONE,16,256,WHITE,SELLADO,$870
3087,14/01/2026,IPHONE,17 PRO,256,DEEP BLUE ,100,$1.150
3088,14/01/2026,IPHONE,15,128,GREEN,90,$450
3089,14/01/2026,IPHONE,15 PRO,128,NATURAL,85,$570
3090,15/01/2026,IPHONE,13,128,MIDNIGHT,100,$300
3091,15/01/2026,IPHONE,APPLE WATCH SERIE 11,-,JET BLACK,SELLADO,$460
3092,15/01/2026,IPHONE,APPLE WATCH SE 3,44MM,MIDNIGHT,SELLADO,$330
3093,15/01/2026,IPHONE,APPLE WATCH ULTRA 3,49MM,BLACK,SELLADO,$800
3094,15/01/2026,IPHONE,17 PRO MAX,256,BLUE,SELLADO,$1.470
3095,15/01/2026,IPHONE,17 PRO,256,BLEU,SELLADO,$1.330
3096,15/01/2026,IPHONE,16 PRO,128,NATURAL,SELLADO,$1.050
3097,15/01/2026,IPHONE,16 PRO MAX,256,DESERT ,91,$850
3098,15/01/2026,IPHONE,17 PRO MAX,256,ORANGE,SELLADO,$1.470
3099,15/01/2026,IPHONE,MOTO G75,256,GRAY,SELLADO,$195
3100,15/01/2026,IPHONE,17 PRO MAX,256,ORANGE,SELLADO,$1.470
3101,15/01/2026,IPHONE,INVERTER TRANE 4500F,-,-,SELLADO,$595
3102,15/01/2026,IPHONE,INVERTER TRANE 4500F,-,-,SELLADO,$595
3103,16/01/2026,IPHONE,MAC BOOK AIR M4,256,MIDNIGHT,SELLADO,$1.000
3104,16/01/2026,IPHONE,17 PRO MAX,512,SILVER,SELLADO,$1.620
3105,16/01/2026,IPHONE,17 PRO MAX,256,DEEP BLUE,SELLADO,$1.470
3106,16/01/2026,IPHONE,16,128,BLACK,SELLADO,$760
3107,16/01/2026,IPHONE,16,256,BLACK,SELLADO,$870
3108,16/01/2026,IPHONE,APPLE WATCH SERIE 11 46 MM ,-,BLACK,SELLADO,$430
3109,16/01/2026,IPHONE,APPLE WATCH SERIE 11 46 MM ,-,BLACK,SELLADO,$430
3110,16/01/2026,IPHONE,APPLE WATCH SERIE 11 46 MM ,-,BLACK,SELLADO,$430
3111,16/01/2026,IPHONE,SAMSUNG A56,128,PINK,SELLADO,$335
3112,16/01/2026,IPHONE,11 PRO,256,GRAPHITE,100,$176
3113,16/01/2026,IPHONE,15 PRO MAX,256,BLUE,87,$700
3114,16/01/2026,IPHONE,16 PRO MAX,256,DESERT,99,$900
3115,16/01/2026,IPHONE,13 PRO,128,SILVER,100,$330
3116,16/01/2026,IPHONE,15 PRO MAX,256,BLACK,89,$710
3117,16/01/2026,IPHONE,"MACBOOK AIR M4 15""",512,BLUE,SELLADO,$1.460
3118,16/01/2026,IPHONE,MAC BOOK 14 M5 PRO,512,SILVER,SELLADO,$1.880
3119,16/01/2026,IPHONE,MAGIC MOUSE,-,BLANCO,SELLADO,$100
3120,16/01/2026,IPHONE,IPAD A 16 ,128,BLUE,SELLADO,$425
3121,19/01/2026,IPHONE,16 PRO,256,DESERT,95,$780
3122,19/01/2026,IPHONE,14,128,STARLIGHT,85,$370
3123,19/01/2026,IPHONE,17,256,GREN SAGE,SELLADO,$960
3124,19/01/2026,IPHONE,16,128,BLACK,SELLADO,$760
3125,19/01/2026,IPHONE,17 PRO,256,ORANGE,SELLADO,$1.300
3126,19/01/2026,IPHONE,17 PRO,256,SILVER,SELLADO,$1.360
3127,19/01/2026,IPHONE,16,128,BLACK,SELLADO,$760
3128,19/01/2026,IPHONE,G75,256,GRIS,SELLADO,$195
3129,19/01/2026,IPHONE,SERIE 11 46MM,-,SPACE GRAY,SELLADO,$430
3130,19/01/2026,IPHONE,PENCIL PRO,-,-,SELLADO,$160
3131,19/01/2026,IPHONE,17 PRO,256,DEEP BLUE ,SELLADO,$1.330
3132,19/01/2026,IPHONE,17 PRO,256,DEEP BLUE,SELLADO,$1.330
3133,19/01/2026,IPHONE,17 PRO,256,SILVER,SELLADO,$1.390
3134,19/01/2026,IPHONE,17 PRO,512,SILVER,SELLADO,$1.500
3135,19/01/2026,IPHONE,SAMSUNG A 56,256,BLACK,SELLADO,$370
3136,19/01/2026,IPHONE,"MACBOOK AIR 15"" M4",256,SILVER,SELLADO,$1.240
3137,19/01/2026,IPHONE,15,128,PINK,92,$450
3138,19/01/2026,IPHONE,16 PRO MAX,512,SILVER,94,$900
3139,20/01/2026,IPHONE,13,128,BLUE,100,$300
3140,20/01/2026,IPHONE,INVERTER 4500F,-,-,-,$595
3141,20/01/2026,IPHONE,16,128,BLACK,SELLADO,$760
3142,20/01/2026,IPHONE,16,128,BLACK,SELLADO,$760
3143,20/01/2026,IPHONE,17,256,BLACK,SELLADO,$970
3144,20/01/2026,IPHONE,17 PRO,256,ORANGE,SELLADO,$1.300
3145,20/01/2026,IPHONE,11,64,BLACK,100,$101
3146,20/01/2026,IPHONE,13,128,PINK,86,$300
3147,20/01/2026,IPHONE,15 PRO,256,BLACK,85,$620
3148,20/01/2026,IPHONE,17 PRO,512,ORANGE,SELLADO,$1.460
3149,20/01/2026,IPHONE,17 PRO MAX,256,SILVER,SELLADO,$1.490
3150,20/01/2026,IPHONE,16,128,BLACK,SELLADO,$760
3151,20/01/2026,IPHONE,REDMI 15 C,256,BLACK,SELLADO,$138
3152,20/01/2026,IPHONE,REDMI 15 C,256,BLACK,SELLADO,$138
3153,20/01/2026,IPHONE,REDMI 15 C,256,BLACK,SELLADO,$138
3154,20/01/2026,IPHONE,REDMI 14 C,128,BLACK,SELLADO,$110
3155,20/01/2026,IPHONE,REDMI 14 C,128,BLACK,SELLADO,$110
3156,20/01/2026,IPHONE,SAMSUNG A56,256,BLACK,SELLADO,$385
3157,20/01/2026,IPHONE,SAMSUNG A56,256,BLACK,SELLADO,$365
3158,20/01/2026,IPHONE,MOTO G 85,256,VERDE,SELLADO,$217
3159,20/01/2026,IPHONE,17 PRO,256,SILVER,SELLADO,$1.400
3160,20/01/2026,IPHONE,"MACBOOK  13"" M4",512,MIDNIGTH,SELLADO,$1.500
3166,20/01/2026,IPHONE,16,256,PINK,SELLADO,$870
3167,20/01/2026,IPHONE,17 PRO MAX,256,DEEP BLUE,SELLADO,$1.470
3168,20/01/2026,IPHONE,REDMI 14C ,128,BLACK,SELLADO,$107
3169,20/01/2026,IPHONE,REDMI 15,128,GRAY,SELLADO,$150
3170,20/01/2026,IPHONE,A16,128,BLACK,SELLADO,$128
3171,20/01/2026,IPHONE,REDMI A3,128,BLACK,SELLADO,$105
3172,20/01/2026,IPHONE,REDMI A5,64,BLACK,SELLADO,$87
3173,20/01/2026,IPHONE,MOTO G35,256,BLACK,SELLADO,$140
3174,20/01/2026,IPHONE,MOTO G05,128,GREEN ,SELLADO,$100
3175,20/01/2026,IPHONE,MTOO G56,256,BLACK,SELLADO,$198
3176,20/01/2026,IPHONE,17 PRO,256,DEEP BLUE,SELLADO,$1.330
3177,20/01/2026,IPHONE,17,256,SAGE,SELLADO,$960
3178,21/01/2026,IPHONE,"MACBOOK PRO 14"" M4 ",512,SPACE BLACK,SELLADO,$1.880
3179,21/01/2026,IPHONE,17 PRO,256,SILVER,SELLADO,$1.274
3180,21/01/2026,IPHONE,17 PRO,256,SILVER,SELLADO,$1.274
3181,21/01/2026,IPHONE,17 PRO,256,SILVER,SELLADO,$1.274
3182,21/01/2026,IPHONE,17 PRO,256,SILVER,SELLADO,$1.274
3183,21/01/2026,IPHONE,17 PRO,256,SILVER,SELLADO,$1.274
3184,21/01/2026,IPHONE,17 PRO,256,ORANGE,SELLADO,$1.274
3185,21/01/2026,IPHONE,17 PRO,256,ORANGE,SELLADO,$1.274
3186,21/01/2026,IPHONE,17 PRO,256,ORANGE,SELLADO,$1.274
3187,21/01/2026,IPHONE,17 PRO,256,ORANGE,SELLADO,$1.274
3188,21/01/2026,IPHONE,17 PRO,256,ORANGE,SELLADO,$1.274
3189,21/01/2026,IPHONE,17 PRO MAX,256,SILVER,SELLADO,$1.427
3190,21/01/2026,IPHONE,17 PRO MAX,256,SILVER,SELLADO,$1.427
3191,21/01/2026,IPHONE,17 PRO MAX,256,SILVER,SELLADO,$1.427
3192,21/01/2026,IPHONE,17 PRO MAX,256,SILVER,SELLADO,$1.427
3193,21/01/2026,IPHONE,17 PRO MAX,256,ORANGE,SELLADO,$1.427
3194,21/01/2026,IPHONE,17 PRO MAX,256,ORANGE,SELLADO,$1.427
3195,21/01/2026,IPHONE,17 PRO MAX,256,ORANGE,SELLADO,$1.427
3196,21/01/2026,IPHONE,17 PRO MAX,256,DEEP BLUE,SELLADO,$1.427
3197,21/01/2026,IPHONE,17 PRO MAX,256,DEEP BLUE,SELLADO,$1.427
3198,21/01/2026,IPHONE,17 PRO MAX,256,DEEP BLUE,SELLADO,$1.427
3199,21/01/2026,IPHONE,17 PRO MAX,512,DEEP BLUE,SELLADO,$1.610
3200,21/01/2026,IPHONE,17 PRO MAX,512,DEEP BLUE,SELLADO,$1.610
3201,21/01/2026,IPHONE,17 PRO MAX,512,DEEP BLUE,SELLADO,$1.610
3202,21/01/2026,IPHONE,17 PRO MAX,512,DEEP BLUE,SELLADO,$1.610
3203,21/01/2026,IPHONE,17 PRO MAX,512,DEEP BLUE,SELLADO,$1.610
3204,21/01/2026,IPHONE,17 PRO MAX,512,ORANGE,SELLADO,$1.610
3205,21/01/2026,IPHONE,17 PRO MAX,512,ORANGE,SELLADO,$1.610
3206,21/01/2026,IPHONE,17 PRO MAX,512,ORANGE,SELLADO,$1.610
3207,21/01/2026,IPHONE,17 PRO MAX,512,ORANGE,SELLADO,$1.610
3208,21/01/2026,IPHONE,17 PRO MAX,512,ORANGE,SELLADO,$1.610
3209,21/01/2026,IPHONE,17 PRO,256,ORANGE,SELLADO,$1.290
3210,21/01/2026,IPHONE,MOTO G 75,256,GRIS,SELLADO,$195
3211,21/01/2026,IPHONE,SAMSUNG S24 FE,256,BLUE,SELLADO,$470
3212,21/01/2026,IPHONE,12,64,MIDNIGHT,100,$224
3213,21/01/2026,IPHONE,14 PRO,256,BLACK,94,$370
3214,21/01/2026,IPHONE,15 PRO MAX,256,WHITE,89,$550
3215,21/01/2026,IPHONE,17 PRO MAX,256,SILVER,SELLADO,$1.490
3216,21/01/2026,IPHONE,17 PRO,256,DEEP BLUE ,SELLADO,$1.330
3217,21/01/2026,IPHONE,16,128,BLACK,SELLADO,$760
3218,21/01/2026,IPHONE,15 PRO,128,BLACK,88,$570
3219,22/01/2026,IPHONE,15,128,BLACK,90,$450
3220,22/01/2026,IPHONE,17 PRO,256,DEEP BLUE,SELLADO,$1.330
3221,22/01/2026,IPHONE,16 PRO,256,WHITE,92,$800
3222,22/01/2026,IPHONE,14 PRO,128,BLACK,85,$420
3223,22/01/2026,IPHONE,14,128,MIDNIGHT,100,$332
3224,22/01/2026,IPHONE,13,128,STARLIGHT,87,$300
3225,22/01/2026,IPHONE,13,128,MIDNIGHT,100,$300
3226,22/01/2026,IPHONE,17 PRO MAX,256,SILVER,SELLADO,$1.490
3227,22/01/2026,IPHONE,17 PRO,256,DEEP BLUE,SELLADO,$1.330
3228,22/01/2026,IPHONE,17,256,BLACK,SELLADO,$970
3229,22/01/2026,IPHONE,A36,256,LAVANDER,SELLADO,$285
3230,22/01/2026,IPHONE,A56,256,GAPHITTO,SELLADO,$385
3231,22/01/2026,IPHONE,POCO X7 PRO,256,GREEN,SELLADO,$325
3232,22/01/2026,IPHONE,13,128,BLACK,SELLADO,$540
3233,22/01/2026,IPHONE,15 PRO,128,WHITE,100,$626
3234,22/01/2026,IPHONE,17 PRO MAX,256,ORANGE,SELLADO,$1.455
3235,22/01/2026,IPHONE,17 PRO MAX,256,ORANGE,SELLADO,$1.455
3236,22/01/2026,IPHONE,17 PRO MAX,256,ORANGE,SELLADO,$1.455
3237,22/01/2026,IPHONE,17 PRO MAX,256,ORANGE,SELLADO,$1.455
3238,22/01/2026,IPHONE,17 PRO MAX,256,ORANGE,SELLADO,$1.455
3239,22/01/2026,IPHONE,17 PRO MAX,256,ORANGE,SELLADO,$1.455
3240,22/01/2026,IPHONE,17 PRO MAX,256,ORANGE,SELLADO,$1.455
3241,22/01/2026,IPHONE,17 PRO MAX,256,DEEP BLUE,SELLADO,$1.455
3242,22/01/2026,IPHONE,17 PRO MAX,256,DEEP BLUE,SELLADO,$1.455
3243,22/01/2026,IPHONE,17 PRO MAX,256,DEEP BLUE,SELLADO,$1.455
3244,22/01/2026,IPHONE,17 PRO,256,DEEP BLUE,SELLADO,$1.330
3245,22/01/2026,IPHONE,17 PRO,256,DEEP BLUE,SELLADO,$1.330
3246,22/01/2026,IPHONE,15 PRO,256,WHITE,87,$620
3247,22/01/2026,IPHONE,16,128,BLACK,SELLADO,$760
3248,22/01/2026,IPHONE,17 PRO,256,ORANGE,SELLADO,$1.290
3249,22/01/2026,IPHONE,REDMI 14C ,256,BLACK,SELLADO,$133
3250,22/01/2026,IPHONE,PENCIL PRO,-,-,SELLADO,$160
3251,22/01/2026,IPHONE,"IPAD AIR M3 11""",128,PURPLE,SELLADO,$620
3252,23/01/2026,IPHONE,17,256,LAVANDER,SELLADO,$960
3253,23/01/2026,IPHONE,A56,256,LIGHTGRAY,SELLADO,$325
3254,23/01/2026,IPHONE,AIRPODS PRO 2 GEN,-,-,SELLADO,$195
3255,23/01/2026,IPHONE,17 PRO,256,SILVER,SELLADO,$1.420
3256,23/01/2026,IPHONE,17 PRO,256,ORANGE,SELLADO,$1.290
3257,23/01/2026,IPHONE,IPAD PRO 13 M5,256,SPACE BLACK,SELLADO ,$1.410
3258,23/01/2026,IPHONE,MACBOOK PRO 14 M5,512,SILVER,SELLADO,$1.880
3259,23/01/2026,IPHONE,17 PRO MAX,256,SILVER,100,$1.330
3260,23/01/2026,IPHONE,17 PRO,512,DEEP BLUE,SELLADO,$1.500
3261,23/01/2026,IPHONE,17 PRO,256,SILVER,SELLADO,$1.330
3262,23/01/2026,IPHONE,16,128,WHITE,92,$600
3263,23/01/2026,IPHONE,IPAD M3 13',256,STARLIGHT,SELLADO,$900
3264,26/01/2026,IPHONE,13,128,STARLIGHT,100,$300
3265,26/01/2026,IPHONE,16,128,BLACK,98,$600
3266,26/01/0206,IPHONE,13,128,PINK,85,$300
3267,26/01/2026,IPHONE,13,128,STARLIGHT,99,$300
3268,26/01/2026,IPHONE,12,64,PURPLE,100,$174
3269,26/01/2026,IPHONE,13,128,GREEN,87,$300
3270,26/01/2026,IPHONE,ULTRA 3 GPS * CELL,-,GREEN,SELLADO,$800
3271,26/01/2026,IPHONE,16,256,BLUE,SELLADO,$845
3272,26/01/2026,IPHONE,17 PRO,256,SILVER,SELLADO,$1.365
3273,26/01/2026,IPHONE,17 PRO,256,ORANGE,SELLADO,$1.290
3274,26/01/2026,IPHONE,17 PRO,256,DEEP BLUE,100,$1.220
3275,26/01/2026,IPHONE,17 PRO MAX,256,SILVER,SELLADO,$1.475
3276,26/01/2026,IPHONE,17,256,MIST BLUE,SELLADO,$960
3277,26/01/2026,IPHONE,16,128,BLACK,SELLADO,$760
3278,26/01/2026,IPHONE,15 PRO,256,BLACK,88,$580
3279,26/01/2026,IPHONE,15 PRO,256,BLACK,89,$600
3280,26/01/2026,IPHONE,13,128,STARLIGHT,SELLADO,$515
3281,26/01/2026,IPHONE,13,128,STARLIGHT,SELLADO,$515
3282,26/01/2026,IPHONE,APPLE WATCH SERIE 11,46MM,BLACK,SELLADO,$430
3283,26/01/2026,IPHONE,17 PRO,256,DEEP BLUE,100,$1.220
3284,26/01/2026,IPHONE,17 PRO,256,SILVER,SELLADO,$1.365
3285,26/01/2026,IPHONE,17 PRO,256,DEEP BLUE,SELLADO,$1.330
3286,26/01/2026,IPHONE,SERIA 11 ,-,ROSE GOLD,SELLADO,$410
3287,26/01/2026,IPHONE,A16,128,BLACK,SELLADO,$128
3288,26/01/2026,IPHONE,16,128,BLACK,SELLADO,$760
3289,26/01/2026,IPHONE,APPLE WATCH SERIE 11 46MM,-,GRAY,SELLADO,$430
3290,26/01/2026,IPHONE,16 PRO,128,SILVER,98,$770
3291,26/01/2026,IPHONE,13,128,PINK,100,$330
3292,26/01/2026,IPHONE,15 PRO MAX,256,NATURAL,88,$700
3293,26/01/2026,IPHONE,AIR PODS PRO 3,-,-,SELLADO,$300
3294,26/01/2026,IPHONE,PENCIL PRO,-,-,SELLADO,$160
3295,26/01/2026,IPHONE,14,128,STARLIGHT,SELLADO,$575
3296,26/01/2026,IPHONE,17 PRO,256,BLUE,SELLADO,$1.330
3297,26/01/2026,IPHONE,17 PRO,256,ORANGE,SELLADO,$1.290
3298,26/01/2026,IPHONE,17 PRO MAX,256,SILVER,SELLADO,$1.490
3299,27/01/2026,IPHONE,17,256,BLACK,SELLADO,$960
3300,28/01/2026,IPHONE,MACBOOK AIR 13 M4,256,MIDNIGHT,SELLADO,$1.000
3301,28/01/2026,IPHONE,14 PRO,128,SPACE BLACK,100,$526
3302,28/01/2026,IPHONE,JBL FLIP 7,-,BLACK,SELLADO,$110
3303,28/01/2026,IPHONE,PS5 CON LECTORA,1TB,-,SELLADO,$640
3305,28/01/2026,IPHONE,16,128,BLACK,SELLADO,$760
3306,28/01/2026,IPHONE,APPLE WATCH ULTRA 3,-,BLACK,SELLADO,$800
3307,28/01/2026,IPHONE,17 PRO MAX,256,SILVER,SELLADO,$1.490
3308,28/01/2026,IPHONE,17 PRO MAX,256,SILVER,SELLADO,$1.490
3309,28/01/2026,IPHONE,17,256,WHITE,SELLADO,$960
3310,28/01/2026,IPHONE,16,256,NEGRO,SELLADO,$845
3311,28/01/2026,IPHONE,16,128,ROSA,SELLADO,$760
3312,28/01/2026,IPHONE,16,128,ROSA,SELLADO,$760
3313,28/01/2026,IPHONE,16 PRO MAX,256,WHITE,98,$900
3314,28/01/2026,IPHONE,16 PRO,128,NATURAL,90,$750
3315,28/01/2026,IPHONE,15 PRO MAX,256,NATURAL,89,$700
3316,28/01/2026,IPHONE,JBL EXTREME 4,-,BLACK,SELLADO,$270
3317,28/01/2026,IPHONE,17,256,LAVANDER,SELLADO,$960
3318,28/01/2026,IPHONE,16 PRO,128,DESERT,93,$774
3319,29/01/2026,IPHONE,16,256,TEAL,SELLADO,$845
3320,29/01/2026,IPHONE,16,128,ULTRAMARINE,SELLADO,$760
3321,29/01/2026,IPHONE,17,256,SAGE GREEN,SELLADO,$970
3322,29/01/2026,IPHONE,16,128,BLACK,SELLADO,$760
3323,29/01/2026,IPHONE,17 PRO,256,DEEP BLUE,SELLADO,$1.330
3324,29/01/2026,IPHONE,17,256,MIST BLUE ,SELLADO,$970
3325,29/01/2026,IPHONE,17,256,MIST BLUE,SELLADO,$960
3326,29/01/2026,IPHONE,17 PRO,256,SILVER,SELLADO,$1.380
3327,29/01/2026,IPHONE,MAC BOOK PRO M5,512,SILVER,SELLADO,$1.900
3328,29/01/2026,IPHONE,IPADA16 ,128,SILVER,SELLADO,$425
3329,29/01/2026,IPHONE,16 PRO,256,NATURAL,87,$750
3330,29/01/2026,IPHONE,16 PRO,256,BLACK,93,$800
3331,29/01/2026,IPHONE,17 PRO,256,ORANGE,SELLADO,$1.290
3332,29/01/2026,IPHONE,JBL GO 4,-,CAMUFLADO,SELLADO,$38
3333,29/01/2026,IPHONE,JBL GO 4,-,CAMUFLADO,SELLADO,$38
3334,29/01/2026,IPHONE,JBL GO 4,-,BLUE,SELLADO,$38
3335,29/01/2026,IPHONE,JBL GO 4,-,BLUE,SELLADO,$38
3336,29/01/2026,IPHONE,JBL GO 4,-,BLANCO,SELLADO,$38
3337,29/01/2026,IPHONE,JBL GO 4,-,BLANCO,SELLADO,$38
3338,29/01/2026,IPHONE,JBL GO 4,-,ROJO,SELLADO,$38
3339,29/01/2026,IPHONE,17 PRO MAX,256,SILVER,SELLADO,$1.470
3340,29/01/2026,IPHONE,17 PRO MAX,256,SILVER,SELLADO,$1.470
3341,29/01/2026,IPHONE,16,128,BLACK,SELLADO,$760
3342,30/01/2026,IPHONE,MAC BOOK M4 13,512,SILVER,SELLADO,$1.290
3343,30/01/2026,IPHONE,17,256,MIST BLUE,SELLADO,$970
3344,30/01/2026,IPHONE,IPAD A 16 2025,128,SILVER,SELLADO,$425
3345,30/01/2026,IPHONE,16 PRO,128,WHITE,SELLADO,$1.050
3346,30/01/2026,IPHONE,15,128,BLUE,SELLADO,$680
3347,30/01/2026,IPHONE,17,256,SAGE,SELLADO,$960
3348,30/01/2026,IPHONE,16,256,PINK,SELLADO,$845
3349,30/01/2026,IPHONE,16,128,WHITE,SELLADO,$760
3350,30/01/2026,IPHONE,15,128,BLACK,SELLADO,$680
3351,30/01/2026,IPHONE,15,128,BLUE,SELLADO,$680
3352,30/01/2026,IPHONE,14,128,MIDNIGHT,SELLADO,$580
3353,30/01/2026,IPHONE,17 PRO MAX,256,ORANGE,SELLADO,$1.470
3354,30/01/2026,IPHONE,17,256,BLACK,SELLADO,$960
3355,30/01/2026,IPHONE,14,128,MIDNIGHT,84,$370
3356,30/01/2026,IPHONE,LAVARROPA PHILIPS,-,-,SELLADO,$391
3357,30/01/2026,IPHONE,JBL PARTY BOX 710,-,-,SELLADO,$830
3358,30/01/2026,IPHONE,IPAD MINI 7MA GEN,128,BLUE,SELLADO,$520
3359,30/01/2026,IPHONE,SAMSUNG S25 ULTRA,256,BLACK,SELLADO,$1.040
3360,2/02/2026,IPHONE,IPAD M3 ,128,STARLIGHT,SELLADO,$650
3361,2/02/2026,IPHONE,APPLE PENCIL PRO,-,-,SELLADO,$160
3362,2/02/2026,IPHONE,17 PRO,256,ORANGE,SELLADO,$1.290
3363,2/02/2026,IPHONE,16,128,PINK,SELLADO,$760
3364,2/02/2026,IPHONE,MACBOOK AIR M4 13 ,256,STARLIGHT,SELLADO,$1.000
3365,2/02/2026,IPHONE,14 PLUS,256,PURPLE,100,$402
3366,2/02/2026,IPHONE,15,128,BLACK,100,$450
3367,2/02/2026,IPHONE,17 PRO MAX,256,DEEP BLUE,SELLADO,$1.470
3368,2/02/2026,IPHONE,14 PRO,128,DEEP PURPLE,82,$446
2997,12/01/2026,IPHONE,14 PRO MAX,256,GOLD,85,$550
3370,2/02/2026,IPHONE,16 PRO ,128,DESERT,94,$700
3371,2/02/2026,IPHONE,S25 FE,256,NAVY,SELLADO,$670
3372,2/02/2026,IPHONE,17,256,BLACK,SELLADO,$960
3373,2/02/2026,IPHONE,APPLE WACHT ULTRA 3,-,-,SELLADO,$800
3374,2/02/2026,IPHONE,17,256,WHITE,SELLADO,$960
3375,2/02/2026,IPHONE,17,256,LAVANDER,SELLADO,$960
3376,2/02/2026,IPHONE,16,128,WHITE,SELLADO,$770
3377,2/02/2026,IPHONE,16,128,BLUE,93,$580
3369,2/02/2026,IPHONE,14 PRO MAX,128,SILVER,87,$550
3379,2/02/2026,IPHONE,14,128,STARLIGHT,88,$350
3380,2/02/2026,IPHONE,14,128,STARLIGHT,91,$370
3381,2/02/2026,IPHONE,16 PRO,256,SILVER,93,$800
3382,2/02/2026,IPHONE,11,128,YELOW,100,$161
3383,2/02/2026,IPHONE,15 PRO MAX,256,WHITE,88,$700
3384,2/02/2026,IPHONE,16 PRO MAX,256,WHITE,93,$870
3385,2/02/2026,IPHONE,13,128,MIDNIGHT,88,$290
3386,2/02/2026,IPHONE,17PRO,256,ORANGE,SELLADO,$1.290
3387,2/02/2026,IPHONE,A17,128,GRAY,SELLADO,$185
3388,2/02/2026,IPHONE,IPAD AIR 11  M3,256,SPACE GRAY,SELLADO,$760
3389,2/02/2026,IPHONE,16,126,WHITE,SELLADO,$760
3390,3/02/2026,IPHONE,15  PRO MAX,256,NATURAL,88,$700
3391,3/02/2026,IPHONE,14 PRO,128,SPACE BLACK,87,$490
3392,3/02/2026,IPHONE,15,128,BLACK,100,$502
3393,3/02/2026,IPHONE,15,128,GREEN,88,$450
3394,3/02/2026,IPHONE,13,128,BLUE,100,$290
3395,3/02/2026,IPHONE,17 PRO,256,ORANGE,SELLADO,$1.290
3396,3/02/2026,IPHONE,16,128,BLACK,SELLADO,$760
3397,3/02/2026,IPHONE,17 PRO MAX,256,SILVER,SELLADO,$1.470
3398,3/02/2026,IPHONE,13 PRO MAX,256,SIERRA BLUE,100,$462
3399,3/02/2026,IPHONE,11 PRO,256,GRAPHITE,100,$186
3400,3/02/2026,IPHONE,17 PRO,256,SILVER,SELLADO,$1.330
3401,3/02/2026,IPHONE,16,128,BLACK,SELLADO,$750
3402,3/02/2026,IPHONE,S25 ULTRA,512,WHITE SILVER,SELLADO,$1.100
3403,3/02/2026,IPHONE,15 PRO MAX,256,BLUE,89,$750
3404,4/02/2026,IPHONE,14 PRO,128,GOLD,100,$516
3405,4/02/2026,IPHONE,IPAD A16 ,128,BLUE,SELLADO,$435
3406,4/02/2026,IPHONE,17 PRO ,256,DEEP BLUE ,SELLADO,$1.330
3407,4/02/2026,IPHONE,14,128,BLUE,SELLADO,$580
3408,4/02/2026,IPHONE,17 PRO,256,ORANGE,SELLADO,$1.290
3409,4/02/2026,IPHONE,17 PRO,256,ORANGE,SELLADO,$1.290
3410,4/02/2026,IPHONE,13 MINI,128,BLUE,100,$300
3411,4/02/2026,IPHONE,17 PRO,256,DEEP BLUE ,SELLADO,$1.330
3412,4/02/2026,IPHONE,14,128,MIDNIGHT,100,$352
3413,4/02/2026,IPHONE,16,128,WHITE,91,$580
3414,4/02/2026,IPHONE,14,128,MIDNIGHT,85,$370
3415,4/02/2026,IPHONE,15,128,AZUL,SELLADO,$660
3416,4/02/2026,IPHONE,15,128,AZUL,SELLADO,$660
3417,4/02/2026,IPHONE,15,128,PINK,SELLADO,$660
3418,4/02/2026,IPHONE,15,128,PINK,SELLADO,$660
3419,4/02/2026,IPHONE,17 PRO,256,ORANGE,SELLADO,$1.220
3420,4/02/2026,IPHONE,17,256,BLACK,SELLADO,$970
3422,5/02/2026,IPHONE,AIRPODS PRO 3,-,-,SELLADO,$300
3423,5/02/2026,IPHONE,16,128,BLACK,SELLADO,$760
3424,5/02/2026,IPHONE,17 PRO,256,ORANGE,SELLADO,$1.290
3425,5/02/2026,IPHONE,17,256,WHITE,SELLADO,$960
3426,5/02/2026,IPHONE,17 PRO,256,SILVER,100,$1.200
3427,5/02/2026,IPHONE,17 PRO,256,SILVER,100,$1.200
3428,5/02/2026,IPHONE,17 PRO MAX,256,SILVER,SELLADO,$1.470
3429,5/02/2026,IPHONE,17 PRO MAX,256,ORANGE,100,$1.350
3430,5/02/2026,IPHONE,15,128,BLACK,SELLADO,$660
3431,5/02/2026,IPHONE,APPLE WATCH S11,-,BLACK,SELLADO,$440
3432,5/02/2026,IPHONE,REDMI PAD 2,256,GRAFITTO,SELLADO,$215
3434,5/02/2026,IPHONE,CLAP 2025,-,-,SELLADO,$884
3435,5/02/2026,IPHONE,S25 FE,512,NAVY,SELLADO,$710
3436,5/02/2026,IPHONE,17 PRO,256,SILVER,SELLADO,$1.330
3437,5/02/2026,IPHONE,17 PRO,256,SILVER,SELLADO,$1.330
3438,5/02/2026,IPHONE,17 PRO MAX,256,SILVER,SELLADO,$1.470
3439,5/02/2026,IPHONE,17PRO,256,ORANGE,100,$1.200
3440,5/02/2026,IPHONE,17 PRO MAX,256,SILVER,100,$1.350
3441,6/02/2026,IPHONE,PS5 DIGITAL,1TB,-,SELLADO,$510
3442,6/02/2026,IPHONE,PS5 DIGITAL,1TB,-,SELLADO,$510
3443,6/02/2026,IPHONE,PS5 DIGITAL,1TB,-,SELLADO,$510
3444,6/02/2026,IPHONE,PS5 DIGITAL,1TB,-,SELLADO,$510
3445,6/02/2026,IPHONE,PS5 DIGITAL,1TB,-,SELLADO,$510
3446,6/02/2026,IPHONE,PS5 DIGITAL,1TB,-,SELLADO,$510
3447,6/02/2026,IPHONE,PS5 DIGITAL,1TB,-,SELLADO,$510
3448,6/02/2026,IPHONE,PS5 DIGITAL,1TB,-,SELLADO,$510
3449,6/02/2026,IPHONE,PS5 DIGITAL,1TB,-,SELLADO,$510
3450,6/02/2026,IPHONE,PS5 DIGITAL,1TB,-,SELLADO,$510
3451,6/02/2026,IPHONE,16 PRO MAX,256,DESERT,93,$900
3452,6/02/2026,IPHONE,17 PRO MAX,512,SILVER,SELLADO,$1.660
3453,6/02/2026,IPHONE,17 PRO MAX,512,SILVER,SELLADO,$1.660
3454,6/02/2026,IPHONE,13,128,GREEN,100,$330
3455,6/02/2026,IPHONE,17 PRO MAX,256,SILVER,SELLADO,$1.430
3378,2/02/2026,IPHONE,14 PRO MAX,256,DEEP PURPLE,100,$596
3457,6/02/2026,IPHONE,17 PRO MAX,256,SILVER,100,$1.350
3458,6/02/2026,IPHONE,APPLE WATCH SERIE 11 ,46 MM,SILVER,SELLADO,$430
3459,6/02/2026,IPHONE,17 PRO MAX,256,DEEP BLUE,SELLADO,$1.470
3460,6/02/2026,IPHONE,SERIE 11,42 MM,ROSE GOLD,SELLADO,$410
3461,6/02/2026,IPHONE,REDMI A5,64GB,MIDNIGHT BLACK,SELLADO,$92
3462,6/02/2026,IPHONE,A16,128,BLACK,SELLADO,$128
3463,6/02/2026,IPHONE,REDMI A3,128,MIDNIGHT BLACK,SELLADO,$105
3464,6/02/2026,IPHONE,REDMI A4,128,STARRY BLACK,SELLADO,$124
3465,6/02/2026,IPHONE,REDMI 14C,128,SAGE GREEN ,SELLADO,$110
3466,6/02/2026,IPHONE,MOTO G05,128,VERDE ,SELLADO,$107
3467,6/02/2026,IPHONE,MOTO G24 POWER,256,BLUE,SELLADO,$160
3468,6/02/2026,IPHONE,MOTO G86,256,COMIC SKY,SELLADO,$235
3469,6/02/2026,IPHONE,MOTO G06,128,AZUL,SELLADO,$118
3470,6/02/2026,IPHONE,13 PRO,128,GRAPHITE,100,$350
3471,6/02/2026,IPHONE,14,128,STARLIGHT,100,$352
3472,6/02/2026,IPHONE,13 PRO MAX,128,GRAPHITE,85,$480
3473,6/02/2026,IPHONE,17 PRO MAX,256,SILVER,SELLADO,$1.430
3474,9/02/2026,IPHONE,15 PRO MAX,256,NATURAL,83,$710
3475,9/02/2026,IPHONE,16 PRO MAX,256,WHITE,93,$900
3476,9/02/2026,IPHONE,13,128,STARLIGHT,81,$310
3477,9/02/2026,IPHONE,11,64,BLACK,74,$141
3478,9/02/2026,IPHONE,13 PRO,128,GRAPHITE,100,$410
3479,9/02/2026,IPHONE,14,128,MIDNIGHT,SELLADO,$570
3480,9/02/2026,IPHONE,17 PRO ,256,BLUE,SELLADO,$1.330
3481,9/02/2026,IPHONE,17 PRO MAX,256,SILVER,SELLADO,$1.440
3482,9/02/2026,IPHONE,REDMI 13C,128,GREEN ,SELLADO,$103
3483,9/02/2026,IPHONE,15,128,BLACK,92,$450
3484,9/02/2026,IPHONE,14 PRO,128,SPACE BLACK,100,$456
3485,9/02/2026,IPHONE,IPAD A 16 2025,128,SILVER,SELLADO,$435
3486,9/02/2026,IPHONE,SAMSUNG A56,256,BLACK,SELLADO,$365
3487,9/02/2026,IPHONE,17 PRO MAX,256,ORANGE,SELLADO,$1.340
3488,9/02/2026,IPHONE,17,256,LAVANDER,SELLADO,$970
3489,9/02/2026,IPHONE,17,256,WHITE,SELLADO,$970
3490,9/02/2026,IPHONE,13,128,BLUE,100,$310
3491,9/02/2026,IPHONE,14,128,BLUE,100,$366
3492,9/02/2026,IPHONE,17 PRO MAX,256,SILVER,SELLADO,$1.430
3493,9/02/2026,IPHONE,17 PRO MAX,256,DEEP BLUE,SELLADO,$1.465
3494,9/02/2026,IPHONE,17 PRO,256,SILVER,SELLADO,$1.340
3495,9/02/2026,IPHONE,14,128,BLACK,SELLADO,$570
3496,9/02/2026,IPHONE,SAMSUNG A16,128,BLACK,SELLADO,$128
3497,9/02/2026,IPHONE,SAMSUNG A16,128,BLACK,SELLADO,$128
3498,9/02/2026,IPHONE,SAMSUNG A16,128,BLACK,SELLADO,$128
3499,9/02/2026,IPHONE,SAMSUNG A16,128,BLACK,SELLADO,$128
3500,9/02/2026,IPHONE,SAMSUNG A16,128,BLACK,SELLADO,$128
3501,9/02/2026,IPHONE,S25,256,BLACK,SELLADO,$1.000
3502,9/02/2026,IPHONE,16 PRO,128, NATURAL,91,$750
3503,9/02/2026,IPHONE,16 PRO,128,WHITE,91,$750
3504,9/02/2026,IPHONE,16 PRO,256,WHITE,92,$800
3505,9/02/2026,IPHONE,15 PRO,128,BLUE,88,$550
3506,9/02/2026,IPHONE,ULTRA 2,-,-,SELLADO,$730
3507,10/02/2026,IPHONE,17 PRO,256,ORANGE,SELLADO,$1.230
3508,10/02/2026,IPHONE,17 PRO,256,ORANGE,SELLADO,$1.230
3509,10/02/2026,IPHONE,17 PRO,256,ORANGE,SELLADO,$1.230
3510,10/02/2026,IPHONE,17 PRO,256,BLUE,SELLADO,$1.230
3511,10/02/2026,IPHONE,17 PRO,256,BLUE,SELLADO,$1.230
3512,10/02/2026,IPHONE,17 PRO,256,BLUE,SELLADO,$1.230
3513,10/02/2026,IPHONE,17 PRO,256,SILVER ,SELLADO,$1.230
3514,10/02/2026,IPHONE,17 PRO,256,SILVER,SELLADO,$1.230
3515,10/02/2026,IPHONE,17 PRO,256,SILVER,SELLADO,$1.230
3516,10/02/2026,IPHONE,17 PRO,256,SILVER,SELLADO,$1.230
3517,10/02/2026,IPHONE,17 PRO MAX,256,ORANGE,SELLADO,$1.315
3518,10/02/2026,IPHONE,17 PRO MAX,256,ORANGE,SELLADO,$1.315
3519,10/02/2026,IPHONE,17 PRO MAX,256,ORANGE,SELLADO,$1.315
3520,10/02/2026,IPHONE,17 PRO MAX,256,ORANGE,SELLADO,$1.315
3521,10/02/2026,IPHONE,17 PRO MAX,256,ORANGE,SELLADO,$1.315
3522,10/02/2026,IPHONE,17 PRO MAX,256,ORANGE,SELLADO,$1.315
3523,10/02/2026,IPHONE,17 PRO MAX,256,SILVER,SELLADO,$1.330
3524,10/02/2026,IPHONE,17 PRO MAX,256,SILVER,SELLADO,$1.330
3525,10/02/2026,IPHONE,17 PRO MAX,256,SILVER,SELLADO,$1.330
3526,10/02/2026,IPHONE,17 PRO MAX,256,SILVER,SELLADO,$1.330
3527,10/02/2026,IPHONE,17 PRO MAX,256,SILVER,SELLADO,$1.330
3528,10/02/2026,IPHONE,17 PRO MAX,256,SILVER,SELLADO,$1.330
3529,10/02/2026,IPHONE,17 PRO MAX,256,SILVER,SELLADO,$1.330
3530,10/02/2026,IPHONE,17 PRO MAX,512,ORANGE,SELLADO,$1.535
3531,10/02/2026,IPHONE,17 PRO MAX,512,ORANGE ,SELLADO,$1.535
3532,10/02/2026,IPHONE,17 PRO MAX,512,ORANGE,SELLADO,$1.535
3533,10/02/2026,IPHONE,17 PRO MAX,512,ORANGE,SELLADO,$1.535
3534,10/02/2026,IPHONE,17 PRO MAX,512,ORANGE,SELLADO,$1.535
3535,10/02/2026,IPHONE,SAMSUNG A56,256,BLACK,SELLADO,$365
3536,10/02/2026,IPHONE,17,256,WHITE,SELLADO,$950
3537,10/02/2026,IPHONE,15 PRO,128,WHITE,86,$570
3538,10/02/2026,IPHONE,13 PRO,128,WHITE,100,$410
3539,10/02/2026,IPHONE,MAC BOOK M4,512,MINDNIGHT,SELLADO,$1.290
3540,10/02/2026,IPHONE,"MACBOOK AIR 13"" M3",512,MIDNIGHT,SELLADO,$1.320
3541,10/02/2026,IPHONE,17,256,WHITE,SELLADO,$950
3542,10/02/2026,IPHONE,17 PRO,256,DEEP BLUE,SELLADO,$1.320
3543,10/02/2026,IPHONE,17 PRO MAX,256,SILVER,SELLADO,$1.440
3544,10/02/2026,IPHONE,S25 ULTRA,-,BLACK,SELLADO,$1.080
3545,10/02/2026,IPHONE,16,128,BLACK,SELLADO,$760
3546,10/02/2026,IPHONE,NOTEBOOK LENOVO FREEDOS,512,GRAY,SELLADO,$550
3547,10/02/2026,IPHONE,NOTEBOOK LENOVO FREEDOS,512,GRAY,SELLADO,$550
3548,10/02/2026,IPHONE,16 PRO,128,WHITE,95,$800
3549,10/02/2026,IPHONE,JOSTICK PS5,-,WHITE,SELLADO,$74
3550,11/02/2026,IPHONE,JOSTICK PS5,-,WHITE,SELLADO,$74
3551,11/02/2026,IPHONE,JOSTICK PS5,-,WHITE,SELLADO,$74
3552,11/02/2026,IPHONE,JOSTICK PS5,-,WHITE,SELLADO,$74
3553,11/02/2026,IPHONE,JOSTICK PS5,-,WHITE,SELLADO,$74
3554,11/02/2026,IPHONE,JLB EXTREME 4,-,BLACK,SELLADO,$240
3555,11/02/2026,IPHONE,JBL EXTREME 4,-,BLACK,SELLADO,$240
3556,11/02/2026,IPHONE,JBL CHARGUE 6,-,AZUL,SELLADO,$142
3557,11/02/2026,IPHONE,JBL CHARGUE 6,-,AZUL,SELLADO,$142
3558,11/02/2026,IPHONE,JBL CHARGUE 6,-,BLACK,SELLADO,$142
3559,11/02/2026,IPHONE,JBL CHARGUE 6,-,BLACK,SELLADO,$142
3560,11/02/2026,IPHONE,JBL CHARGUE 6,-,BLACK,SELLADO,$142
3561,11/02/2026,IPHONE,JBL CHARGUE 6,-,BLACK,SELLADO,$142
3562,11/02/2026,IPHONE,JBL CHARGUE 6,-,BLACK,SELLADO,$142
3563,11/02/2026,IPHONE,JBL CHARGUE 6,-,RED,SELLADO,$142
3564,11/02/2026,IPHONE,JBL CHARGUE 6,-,RED,SELLADO,$142
3565,11/02/2026,IPHONE,JBL CHARGUE 6,-,RED,SELLADO,$142
3566,11/02/2026,IPHONE,FLIP 7 ,-,CAMUFLADO,SELLADO,$98
3567,11/02/2026,IPHONE,FLIP 7 ,-,PURPURA,SELLADO,$98
3568,11/02/2026,IPHONE,FLIP 7,-,ROSA ,SELLADO,$98
3569,11/02/2026,IPHONE,FLIP 7,-,ROSA ,SELLADO,$98
3570,11/02/2026,IPHONE,FLIP 7,-,RED ,SELLADO,$98
3571,11/02/2026,IPHONE,FLIP 7,-,RED,SELLADO,$98
3572,11/02/2026,IPHONE,FLIP 7,-,AZUL,SELLADO,$98
3573,11/02/2026,IPHONE,FLIP 7,-,AZUL,SELLADO,$98
3574,11/02/2026,IPHONE,FLIP 7,-,BLACK,SELLADO,$98
3575,11/02/2026,IPHONE,FLIP 7,-,BLACK,SELLADO,$98
3576,11/02/2026,IPHONE,JBL. AUTENTIC 300,-,-,SELLADO,$310
3577,11/02/2026,IPHONE,JBL. AUTENTIC 300,-,-,SELLADO,$310
3578,11/02/2026,IPHONE,JBL. AUTENTIC 300,-,-,SELLADO,$310
3579,11/02/2026,IPHONE,JBL. AUTENTIC 300,-,-,SELLADO,$310
3580,11/02/2026,IPHONE,JBL. AUTENTIC 300,-,-,SELLADO,$310
3581,11/02/2026,IPHONE,JBL BOMBOX 4,-,BLACK,SELLADO,$466
3582,11/02/2026,IPHONE,JBL BOMBOX 3,-,CAMUFLADO,SELLADO,$348
3583,11/02/2026,IPHONE,JBL BOMBOX 3,-,CAMUFLADO,SELLADO,$348
3584,11/02/2026,IPHONE,JBL BOMBOX 3,-,CAMUFLADO,SELLADO,$348
3585,11/02/2026,IPHONE,AIRPODS MAX,-,ORANGE,SELLADO,$580
3586,11/02/2026,IPHONE, Xiaomi Electric Scooter 5 Plus ,-,BLACK,SELLADO,$588
3587,11/02/2026,IPHONE,Xiaomi Mi Electric Scooter 4 Go,-,GRIS,SELLADO,$282
3588,11/02/2026,IPHONE,Xiaomi Mi Scooter 4 Ultra ,-,BLACK,SELLADO,$687
3589,11/02/2026,IPHONE,Xiaomi Mi Electric Scooter 4 Pro,-,BLACK,SELLADO,$474
3590,11/02/2026,IPHONE, Xiaomi Mi Electric Scooter 4 ,-,BLACK,SELLADO,$347
3591,11/02/2026,IPHONE,Xiaomi Electric Scooter 3 Lite,-,WHITE,SELLADO,$258
3592,11/02/2026,IPHONE,17 PRO,256,SILVER,SELLADO,$1.340
3593,11/02/2026,IPHONE,17 PRO,256,DEEP BLUE,SELLADO,$1.320
3594,11/02/2026,IPHONE,17,256,WHITE,SELLADO,$970
3595,11/02/2026,IPHONE,17,256,WHITE,SELLADO,$970
3596,11/02/2026,IPHONE,16,128,WHITE,SELLADO,$760
3597,11/02/2026,IPHONE,APPLE WATCH SE 3RA GEN,-,STARLIGHT,SELLADO,$300
3598,11/02/2026,IPHONE,"TV Noblex 50"" Google TV:",-,-,SELLADO,$334
3599,11/02/2026,IPHONE,Heladera Whirlpool NF 386L Inox,-,-,SELLADO,$555
3600,11/02/2026,IPHONE,Lavarropas BGH 6Kg 1000RPM Gris Inverter,-,-,SELLADO,$321
3601,11/02/2026,IPHONE,12 MINI,64,BLUE,82,$204
3456,6/02/2026,IPHONE,14 PRO MAX,256,SPACE BLACK,85,$560
3602,11/02/2026,IPHONE,14 PRO MAX,128,SPACE BLACK,85,$560
3604,11/02/2026,IPHONE,13 PRO MAX,128,GRAPHITE,100,$462
3605,11/02/2026,IPHONE,15 PRO,256,NATURAL,89,$630
3606,11/02/2026,IPHONE,13 PRO MAX,256,SIERRA BLUE,90,#VALUE!
3607,11/02/2026,IPHONE,16 PRO MAX,256,NATURAL,91,$870
3608,12/02/2026,IPHONE,17 PRO MAX,256,SILVER,SELLADO,$1.400
3609,12/02/2026,IPHONE,16 PRO,128,BLACK,96,$750
3610,12/02/2026,IPHONE,13,128,GREEN,100,$320
3611,12/02/2026,IPHONE,AIR PODS PRO 3,-,-,SELLADO,$300
3612,12/02/2026,IPHONE,16 PRO,128,WHITE,SELLADO,$1.050
3613,12/02/2026,IPHONE,17 PRO,256,SILVER,SELLADO,$1.350
3614,12/02/2026,IPHONE,17 PRO,256,ORANGE,100,$1.200
3615,12/02/2026,IPHONE,REDMI 14 C,128,GREEN,SELLADO,$110
3616,12/02/2026,IPHONE,SAMSUNG A06,64,BLACK,SELLADO,$100
3617,12/02/2026,IPHONE,SAMSUNG A17,128,BLACK,SELLADO,$172
3618,12/02/2026,IPHONE,REDMI A5,64,BLACK,SELLADO,$92
3619,12/02/2026,IPHONE,REDMI 15 C,256,BLACK,SELLADO,$165
3620,12/02/2026,IPHONE,MOTO G 35,256,BLACK,SELLADO,$148
3621,12/02/2026,IPHONE,MOTO G 56,256,BLACK,SELLADO,$188
3622,12/02/2026,IPHONE,MOTO G 06,128,BLACK,SELLADO,$115
3623,12/02/2026,IPHONE,MOTO G 15,128,GREEN,SELLADO,$117
3624,13/02/2026,IPHONE,S25 ULTRA,256,BLACK,SELLADO,$995
3625,13/02/2026,IPHONE,17,256,BLACK,SELLADO,$950
3626,13/02/2026,IPHONE,16,128,BLACK,SELLADO,$755
3627,13/02/2026,IPHONE,15,128,BLUE,89,$450
3628,13/02/2026,IPHONE,15,128,BLUE,88,$450
3629,13/02/2026,IPHONE,MACBOOK M4,512-24,MIDNIGHT,SELLADO,$1.680
3630,13/02/2026,IPHONE,15 PRO,128,BLACK,88,$570
3631,13/02/2026,IPHONE,15 PRO,256,WHITE,88,$600
3632,13/02/2026,IPHONE,16 PRO,256,DESERT,91,$820
3633,13/02/2026,IPHONE,TV NOBLEX 58 PULGADAS,-,-,SELLADO,$428
3634,13/02/2026,IPHONE,13,128,MIDNIGHT,85,$280
3635,13/02/2026,IPHONE,16 PRO,128,WHITE,92,$750
3636,13/02/2026,IPHONE,15 PRO MAX,512,NATURAL,87,$720
3637,13/02/2026,IPHONE,13 PRO,128,SIERRA BLUE,100,$430
3638,13/02/2026,IPHONE,17 PROMAX,256,ORANGE,SELLADO,$1.380
3639,13/02/2026,IPHONE,17 PRO,256,SILVER,SELLADO,$1.320
3640,13/02/2026,IPHONE,A56,256,GRAFFITO,SELLADO,$385
3641,13/02/2026,IPHONE,17 PRO MAX,256,ORANGE,SELLADO,$1.380
3642,13/02/2026,IPHONE,17 PRO MAX,256,ORANGE,SELLADO,$1.380
3643,13/02/2026,IPHONE,17 PRO MAX,256,ORANGE,SELLADO,$1.380
3644,13/02/2026,IPHONE,17 PRO MAX,256,ORANGE,SELLADO,$1.380
3645,13/02/2026,IPHONE,IPAD A16,128,SILVER,SELLADO,$435
3646,13/02/2026,IPHONE,17 PRO ,256,SILVER,SELLADO,$1.330
3647,13/02/2026,IPHONE,17 PRO MAX,256,ORANGE,SELLADO,$1.380
3648,18/02/2026,IPHONE,13,128,STARLAGHT,87,$280
3649,18/02/2026,IPHONE,16 PRO,128,WHITE,95,$750
3650,18/02/2026,IPHONE,15 PRO MAX,256,WHITE,88,$680
3651,18/02/2026,IPHONE,15 PRO MAX,256,BLUE,82,$760
3652,18/02/2026,IPHONE,15 PRO MAX,256,WHITE,90,$700
3653,18/02/2026,IPHONE,15 PRO MAX,256,NATURAL,87,$670
3603,11/02/2026,IPHONE,14 PRO MAX,128,WHITE,84,$586
3655,18/02/2026,IPHONE,13,128,MIDNIGHT,85,$290
3656,18/02/2026,IPHONE, APPLE SERIE 11 46 MM,-,SILVER,SELLADO,$430
3657,18/02/2026,IPHONE, APPLE SERIE 11 46 MM,-,BLACK,SELLADO,$460
3658,18/02/2026,IPHONE,16,128,BLACK,SELLADO,$755
3659,18/02/2026,IPHONE,16,128,BLACK,SELLADO,$755
3660,18/02/2026,IPHONE,17,256,MIST BLUE,SELLADO,$930
3661,18/02/2026,IPHONE,17 PRO,256,SILVER,SELLADO,$1.320
3662,18/02/2026,IPHONE,MAC BOOK M4 13,256,SILVER,SELLADO,$1.045
3663,18/02/2026,IPHONE,17 PRO MAX,256,SILVER,SELLADO ,$1.400
3664,18/02/2026,IPHONE,APPLE WATCH SERIE 11,42MM,ROSE GOLD,SELLADO,$410
3665,18/02/2026,IPHONE,17 PRO MAX,256,SILVER,SELLADO,$1.370
3666,18/02/2026,IPHONE,17 PRO MAX,256,SILVER,SELLADO,$1.380
3667,18/02/2026,IPHONE,17 PRO MAX,256,SILVER,SELLADO,$1.380
3668,18/02/2026,IPHONE,17 PRO MAX,256,SILVER,SELLADO,$1.380
3669,18/02/2026,IPHONE,17 PRO MAX,256,SILVER,SELLADO,$1.380
3670,18/02/2026,IPHONE,17 PRO MAX,256,SILVER,SELLADO,$1.380
3671,18/02/2026,IPHONE,17 PRO MAX,256,SILVER,100,$1.360
3672,18/02/2026,IPHONE,16,256,WHITE,SELLADO,$770
3673,18/02/2026,IPHONE,17 PRO,256,SILVER,SELLADO,$1.310
3674,18/02/2026,IPHONE,SAMSUNG A 36,256,LIME,SELLADO,$285
3675,18/02/2026,IPHONE,MACBOOK AIR 13 M4 ,512,STARLIGHT,SELLADO,$1.500
3676,19/02/2026,IPHONE,S25 ULTRA,256,GRAY,SELLADO,$1.000
3677,19/02/2026,IPHONE,POCO X7 PRO,512,GREEN,SELLADO,$370
3678,19/02/2026,IPHONE,17 PRO MAX,256,ORANGE,SELLADO,$1.380
3679,19/02/2026,IPHONE,17 PRO MAX,256,ORANGE,SELLADO,$1.370
3680,19/02/2026,IPHONE,IPAD A16,256,YELLOW,SELLADO,$520
3681,19/02/2026,IPHONE,IPAD A16,128,PINK,SELLADO,$435
3682,19/02/2026,IPHONE,17 PRO MAX,256,ORANGE,SELLADO,$1.370
3683,19/02/2026,IPHONE,17 PRO,256,SILVER,100,$1.230
3684,19/02/2026,IPHONE,AIR TAG,-,-,SELLADO,$95
3685,19/02/2026,IPHONE,MOTO G75,256,GRAY,SELLADO,$195
3686,19/02/2026,IPHONE,MOTO G75,256,GRAY,SELLADO,$195
3687,19/02/2026,IPHONE,REDMI NOTE 14 ,256,GREEN,SELLADO,$188
3688,19/02/2026,IPHONE,16,128,WHITE,SELLADO,$760
3689,19/02/2026,IPHONE,17 PRO,256,SILVER,SELLADO,$1.310
3690,19/02/2026,IPHONE,17 PRO,256,SILVER,SELLADO,$1.310
3691,19/02/2026,IPHONE,14,128,BLACK,SELLADO,$580
3692,19/02/2026,IPHONE,16 PRO MAX,256,DESERT,90,$870
3693,19/02/2026,IPHONE,15 PRO,256,NATURAL,89,$600
3694,19/02/2026,IPHONE,17 PRO MAX,256,BLUE,100,$1.300
3695,19/02/2026,IPHONE,17,256,BLACK,SELLADO,$930
3696,19/02/2026,IPHONE,16,128,BLACK,SELLADO,$750
3697,19/02/2026,IPHONE,17 PRO,256,DEEP BLUE,100,$1.190
3698,19/02/2026,IPHONE,17 PRO MAX,256,DEEP BLUE,SELLADO,$1.380
3699,19/02/2026,IPHONE,REDMI NOTE 15,128,BLUE,SELLADO,$215
3700,19/02/2026,IPHONE,13,128,BLUE,84,$310
3701,19/02/2026,IPHONE,13 PRO,128,SILVER,100,$400
3702,19/02/2026,IPHONE,NINTENDO SWITCH 2,-,-,SELLADO,$650
3703,19/02/2026,IPHONE,17 PRO MAX,256,DEEP BLUE ,SELLADO,$1.385
3704,19/02/2026,IPHONE,17 PRO,256,DEEP BLUE,SELLADO,$1.310
3705,19/02/2026,IPHONE,17 PRO,256,DEEP BLUE,SELLADO,$1.310
3706,19/02/2026,IPHONE,A56,256,BLACK,SELLADO,$375
3707,19/02/2026,IPHONE,REDMI NOTE PRO,256,BLACK,SELLADO,$305
3708,19/02/2026,IPHONE,AIRPODS 3ERA,-,-,SELLADO,$140
3709,19/02/2026,IPHONE,15 PRO,128,BLACK,100,$606
3710,19/02/2026,IPHONE,SAMSUNG A56,256,BLACK,SELLADO,$395
3711,19/02/2026,IPHONE,17,256,BLACK,SELLADO,$930
3712,19/02/2026,IPHONE,IPAD AIR M3 11,256,SPACE BLACK,SELLADO,$820
3713,19/02/2026,IPHONE,IPAD AIR M3 11,256,BLUE,SELLADO,$820
3714,19/02/2026,IPHONE,16,128,WHITE,SELLADO,$760
3715,19/02/2026,IPHONE,17 PRO MAX ,256,SILVER,SELLADO,$1.385
3716,19/02/2026,IPHONE,17 PRO MAX,256,SILVER,SELLADO,$1.385
3717,19/02/2026,IPHONE,17 PRO MAX ,512,SILVER,SELLADO,$1.640
3718,19/02/2026,IPHONE,17,256,WHITE,SELLADO,$930
3719,19/02/2026,IPHONE,16,128,TEAL,SELLADO,$755
3720,19/02/2026,IPHONE,APPLE WATCH SE 40 MM,-,STARLIGHT,SELLADO,$300
3721,19/02/2026,IPHONE,APPLE WATCH SE 40 MM,-,MIDNIGHT,SELLADO,$300
3654,18/02/2026,IPHONE,14 PRO MAX,128,DEEP PURPLE,100,$586
3723,19/02/2026,IPHONE,15,128,PINK,88,$450
3722,19/02/2026,IPHONE,14 PRO MAX,256,DEEP PURPLE,100,$636
3725,19/02/2026,IPHONE,13,128,MIDNIGHT,100,$320
3726,19/02/2026,IPHONE,13,128,MIDNIGHT,87,$280
3727,19/02/2026,IPHONE,12 PRO,256,GOLD,100,$324
3728,19/02/2026,IPHONE,16 PRO MAX,256,DESERT,96,$870
3729,23/02/2026,IPHONE,17,256,BLACK,SELLADO,$930
3730,23/02/2026,IPHONE,I MAC 2024 M4,256,GREEN,SELLADO,$1.650
3731,23/02/2026,IPHONE,17 PRO,256,ORANGE,SELLADO,$1.280
3732,23/02/2026,IPHONE,14,128,LILA,91,$370
3733,23/02/2026,IPHONE,16,128,BLACK,SELLADO,$760
3734,23/02/2026,IPHONE,17 PRO MAX,256,SILVER,SELLADO,$1.420
3735,23/02/2026,IPHONE,HELADERA NEBA H300Y,-,-,SELLADO,$371
3736,23/02/2026,IPHONE,TV NOBLEX 43 PULG.,-,-,SELLADO,$232
3737,23/02/2026,IPHONE,TV NOBLEX 58 PULG.,-,-,SELLADO,$434
3738,23/02/2026,IPHONE,LAVARROPAS BGH 6KG,-,-,SELLADO,$323
3739,,IPHONE,17 PRO MAX,256,SILVER,SELLADO,$1.450
3740,23/02/2026,IPHONE,17 PRO MAX ,256,DEEP BLUE,SELLADO,$1.380
3741,23/02/2026,IPHONE,17 PRO MAX,256,DEEP BLUE,SELLADO,$1.380
3742,23/02/2026,IPHONE,17 PRO MAX,256,DEEP BLUE,SELLADO,$1.380
3743,23/02/2026,IPHONE,17 PRO,256,DEEP BLUE,SELLADO,$1.300
3744,23/02/2026,IPHONE,17 PRO,256,SILVER,SELLADO,$1.300
3745,,IPHONE,17 PRO,256,DEEP BLUE,100,$1.200
3746,24/02/2026,IPHONE,15 PRO,128,NATURAL,88,$570
3724,19/02/2026,IPHONE,14 PRO MAX,128,DEEP PURPLE,89,$550
3748,24/02/2026,IPHONE,16 PRO,256,NATURAL,97,$800
3749,24/02/2026,IPHONE,16 PRO MAX,256,DESERT,88,$870
3750,24/02/2026,IPHONE,12 PRO,128,OCEAN BLUE,100,$184
3751,24/02/2026,IPHONE,14,128,BLUE,91,$360
3752,24/02/2026,IPHONE,16 PRO,256,DESERT,98,$800
3753,24/02/2026,IPHONE,13,128,MIDNIGHT,100,$290
3754,24/02/2026,IPHONE,13 PRO MAX,256,GRAPHITE,100,$362
3755,24/02/2026,IPHONE,16,128,BLACK,SELLADO,$760
3756,24/02/2026,IPHONE,16,128,WHITE,98,$580
3757,24/02/2026,IPHONE,13,128,BLUE,85,$284
3758,24/02/2026,IPHONE,17 PRO,256,SILVER,SELLADO,$1.340
3759,24/02/2026,IPHONE,AIRPODS 4,-,-,SELLADO,$190
3760,24/02/2026,IPHONE,16,128,WHITE,SELLADO,$760
3761,24/02/2026,IPHONE,17 PRO MAX,256,SILVER,SELLADO,$1.430
3762,24/02/2026,IPHONE,17 PRO MAX,256,SILVER,SELLADO,$1.430
3763,24/02/2026,IPHONE,17,256,GREN,SELLADO,$930
3764,24/02/2026,IPHONE,17 PRO,256,ORANGE,SELLADO,$1.285
3765,24/02/2026,IPHONE,MAC BOOK AIR M4 15',512,SILVER,SELLADO,$1.475
3766,24/02/2026,IPHONE,APPLE WACHT SE 3 GEN,-,STARLIGHT,SELLADO,$300
3767,24/02/2026,IPHONE,LAVARROPAS BGH 8KG,-,-,SELLADO,$395
3768,25/02/2026,IPHONE,A 16 SAMSUNG,256,BLACK,SELLADO,$205
3769,25/02/2026,IPHONE,17 PRO MAX,256,SILVER,SELLADO,$1.430
3770,25/02/2026,IPHONE,KINDLE PAPER WHITE 12G,-,BLACK,SELLADO,$211
3771,25/02/2026,IPHONE,16 PRO ,128,DESERT,91,$750
3772,25/02/2026,IPHONE,16 PRO,256,NEGRO,90,$780
3773,25/02/2026,IPHONE,17 PRO MAX,256,ORANGE,100,$1.320
3774,25/02/2026,IPHONE,PS5 PRO,2TB,-,SELLADO,$910
3775,25/02/2026,IPHONE,17 PRO,256,DEEP BLUE,SELLADO,$1.300
3776,25/02/2026,IPHONE,MOTO EDGE 50 FUSION ,256,BLUE,SELLADO,$225
3777,25/02/2026,IPHONE,MOTO EDGE 60 PRO,256,SHADOW GREEN,SELLADO,$420
3778,25/02/2026,IPHONE,15,128,BLUE,SELLADO,$660
3779,25/02/2026,IPHONE,16 PRO MAX ,256,NATURAL,90,$870
3780,25/02/2026,IPHONE,17 PRO MAX,256,SILVER,SELLADO,$1.430
3781,25/02/2026,IPHONE,17 PRO MAX,256,SILVER,SELLADO,$1.430
3782,25/02/2026,IPHONE,17 PRO MAX,256,SILVER,SELLADO,$1.430
3783,25/02/2026,IPHONE,15 PRO,128,WHITE,87,$580
3747,24/02/2026,IPHONE,14 PRO MAX,128,WHITE,100,$566
3785,25/02/2026,IPHONE,14,128,MIDNIGHT,85,$330
3784,25/02/2026,IPHONE,14 PRO MAX,128,WHITE,85,$570
3787,25/02/2026,IPHONE,15 PRO MAX,256,AZUL,85,$620
3788,25/02/2026,IPHONE,17 PROMAX,256,SILVER,SELLADO,$1.450
3789,26/02/2026,IPHONE,16 PRO,256,NEGRO,93,$800
3791,26/02/2026,IPHONE,A07,128,BLACK,SELLADO,$130
3792,26/02/2026,IPHONE,17 PRO,256,SILVER,SELLADO,$1.310
3793,26/02/2026,IPHONE,17 PRO,256,SILVER,SELLADO,$1.310
3794,26/02/2026,IPHONE,17 PRO,256,SILVER,SELLADO,$1.310
3795,26/02/2026,IPHONE,13,128,RED,81,$300
3796,26/02/2026,IPHONE,17 PRO MAX,256,SILVER,SELLADO,$1.430
3797,26/02/2026,IPHONE,16 PRO,256,NATURAL,SELLADO,$780
3798,26/02/2026,IPHONE,16 PRO MAX,256,WHITE,88,$840
3799,26/02/2026,IPHONE,IPAD AIR M3 11,256,BLUE,SELLADO,$820
3800,26/02/2026,IPHONE,MICROFONO BOYA,-,WHITE,SELLADO,$72
3801,26/02/2026,IPHONE,14 PRO,128,GOLD,80,$476
3802,26/02/2026,IPHONE,REDMI NOTE 13,128,BLUE,SELLADO,$117
3803,26/02/2026,IPHONE,REDMI NOTE 14,128,STARRY BLUE,SELLADO,$112
3804,26/02/2026,IPHONE,REDMI NOTE 14,128,STARRY BLUE,SELLADO,$112
3805,27/02/0226,IPHONE,14 PRO,128,DEEP PURPLE,78,$446
3806,27/02/0226,IPHONE,14 PRO ,256,SPACE BLACK,82,$516
3807,27/02/2026,IPHONE,MONOPATIN USADO,-,-,-,$326
3808,27/02/2026,IPHONE,MACBOOK PRO 14 M5,512,SILVER,SELLADO,$1.880
3809,27/02/2026,IPHONE,17 PRO,256,DEEP BLUE,SELLADO,$1.300
3810,27/02/2026,IPHONE,15,128,BLACK,90,$450
3811,27/02/2026,IPHONE,13,128,WHITE,87,$290
3812,27/02/2026,IPHONE,15,128,BLACK,SELLADO,$670
3813,27/02/2026,IPHONE,14,128,BLACK,SELLADO,$555
3814,27/02/2026,IPHONE,14,128,MIDNIGHT,93,$340
3815,27/02/2026,IPHONE,A06,128,BLACK,SELLADO,$120
3816,27/02/2026,IPHONE,A16,128,BLACK,SELLADO,$138
3817,27/02/2026,IPHONE,REDMI 14C,128,VERDE,SELLADO,$120
3818,27/02/2026,IPHONE,REDMI 15,128,BLACK,SELLADO,$175
3819,27/02/2026,IPHONE,MOTO G15,128,VERDE,SELLADO,$118
3820,27/02/2026,IPHONE,MOTO G05,128,VERDE,SELLADO,$110
3821,27/02/2026,IPHONE,MOTO G14,128,GRIS,SELLADO,$130
3822,27/02/2026,IPHONE,MOTO G35,256,VERDE,SELLADO,$175
3823,27/02/2026,IPHONE,MOTO G86,256,AZUL,SELLADO,$238
3824,27/02/2026,IPHONE,17 PRO,256,SILVER,SELLADO,$1.300
3825,27/02/2026,IPHONE,17 PRO MAX ,256,SILVER,SELLADO,$1.430
3826,27/02/2026,IPHONE,16 PRO,128,BLACK,97,$720
3827,27/02/2026,IPHONE,POCO M7 PRO,512,BLACK,SELLADO,$265
3828,2/02/2026,IPHONE,13,128,GREEN,85,$280
3829,2/03/2026,IPHONE,15 PRO,256,BLACK,86,$630
3830,2/03/2026,IPHONE,17,256,WHITE,SELLADO,$930
3831,2/03/2026,IPHONE,17 PRO,256,SILVER,100,$1.195
3832,2/03/2026,IPHONE,17,256,WHITE,SELLADO,$910
3833,2/03/2026,IPHONE,17 PRO MAX,256,SILVER,SELLADO,$1.430
3834,2/03/2026,IPHONE,17 PRO MAX,256,SILVER,SELLADO,$1.430
3835,2/03/2026,IPHONE,17 PRO MAX,256,SILVER,SELLADO,$1.430
3836,2/03/2026,IPHONE,17 PRO,256,SILVER,SELLADO,$1.290
3837,2/03/2026,IPHONE,17 PRO,256,SILVER,SELLADO,$1.290
3838,2/03/2026,IPHONE,17 PRO,512,SILVER,SELLADO,$1.490
3839,2/03/2026,IPHONE,17 PRO ,256,ORANGE,SELLADO,$1.280
3840,2/03/2026,IPHONE,14,128,BLUE,85,$340
3841,2/03/2026,IPHONE,16 PRO,256,NATURAL,91,$800
3842,2/03/2026,IPHONE,13 PRO MAX,128,SIERRA BLUE,100,$432
3843,2/03/2026,IPHONE,NOTEBOOK HP ,256,BLACK,SELLADO,$700
3844,2/03/2026,IPHONE,TELEVISOR RCA 43 PULGADAS,-,-,SELLADO,$236
3845,2/03/2026,IPHONE,AIRE TCL 3400W INVERTER,-,-,SELLADO,$447
3846,2/03/2026,IPHONE,IPAD AIR M3 13,256,BLUE,SELLADO,$970
3847,2/03/2026,IPHONE,17 PRO MAX ,256,DEEP BLUE ,SELLADO,$1.420
3848,2/03/2026,IPHONE,AIR TAG X4,256,-,SELLADO,$97
3850,2/03/2026,IPHONE,15 PRO,256,NATURAL,87,$580
3851,2/03/2026,IPHONE,17,256,BLACK,SELLADO,$910
3852,2/03/2026,IPHONE,16 E,128,BLACK,97,$520
3853,2/03/2026,IPHONE,15 PRO MAX,256,AZUL,88,$700
3854,3/03/2026,IPHONE,14 PRO,256,DEEP PURPLE,80,$476
3855,3/03/2026,IPHONE,MAC BOOK AIR M4,256,SILVER,SELLADO,$1.075
3856,3/03/2026,IPHONE,MAC BOOK AIR M4,256,SILVER,SELLADO,$1.075
3857,3/03/2026,IPHONE,REDMI 15 C ,256,BLUE,SELLADO,$141
3858,3/03/2026,IPHONE,REDMI 15 C ,256,BLUE,SELLADO,$141
3859,3/03/2026,IPHONE,REDMI 15 C ,256,BLUE,SELLADO,$141
3860,3/03/2026,IPHONE,REDMI 15 C ,256,BLUE,SELLADO,$141
3861,3/03/2026,IPHONE,REDMI 15 C ,256,BLUE,SELLADO,$141
3862,3/03/2026,IPHONE,REDMI 15 C ,256,BLUE,SELLADO,$141
3863,3/03/2026,IPHONE,REDMI 15 C ,256,BLUE,SELLADO,$141
3864,3/03/2026,IPHONE,REDMI 15 C ,256,BLUE,SELLADO,$141
3865,3/03/2026,IPHONE,IPAD A 16 ,256,PINK,SELLADO,$530
3866,3/03/2026,IPHONE,13,128,STARLIGHT,93,$320
3867,3/03/2026,IPHONE,SAMSUNG A16 ,128,BLACK,SELLADO,$125
3868,3/03/2026,IPHONE,13,128,STARLIGHT,88,$280
3869,3/03/2026,IPHONE,SE 3RA GEN ,-,STARLIGHT,SELLADO,$300
3870,3/03/2026,IPHONE,SAMSUNG A 26,256,WHITE,SELLADO,$237
3871,3/03/2026,IPHONE,17 PRO MAX,256,DEEP BLUE,SELLADO,$1.400
3872,3/03/2026,IPHONE,17 PRO MAX,256,SLVER,SELLADO,$1.430
3873,3/03/2026,IPHONE,17,256,MIST BLUE,SELLADO,$910
3874,3/03/2026,IPHONE,16,128,WHITE,SELLADO,$750
3875,3/03/2026,IPHONE,17 PRO,256,DEEP BLUE,SELLADO,$1.280
3876,3/03/2026,IPHONE,MAC BOOK 14 PRO,512,SPACE BLACK,SELLADO,$1.880
3877,3/03/2026,IPHONE,17 PRO MAX,256,ORANGE,SELLADO,$1.400
3878,3/03/2026,IPHONE,15 PRO,128,NATURAL,89,$570
3879,3/03/2026,IPHONE,17 PRO MAX,256,SILVER,SELLADO,$1.420
3880,3/03/2026,IPHONE,IPAD FITO USADO,-,-,-,$700
3881,3/03/2026,IPHONE,17,256,BLACK,SELLADO,$910
3882,3/03/2026,IPHONE,PS5 ,1TB,-,SELLADO,$530
3883,3/03/2026,IPHONE,REDMI NOTE 15 PRO,256,BLACK,SELLADO,$280
3884,4/03/2026,IPHONE,17,256,BLACK,SELLADO,$930
3885,5/03/2026,IPHONE,14 PRO MAX,128,DEEP PURPLE,82,$530
3886,5/03/2026,IPHONE,15 PRO MAX,256,BLUE,86,$680
3887,5/03/2026,IPHONE,17,256,BLUE,SELLADO,$910
3888,5/03/2026,IPHONE,17 PRO,256,SILVER,100,$1.200
3889,5/03/2026,IPHONE,17 PRO,256,SILVER,SELLADO,$1.290
3890,5/03/2026,IPHONE,SAMSUNG 26 PLUS,512,SKY BLUE,SELLADO,$1.240
3891,5/03/2026,IPHONE,15,128,BLUE,97,$450
3892,5/03/2026,IPHONE,12 PRO,128,GRAPHITE,96,$260
3893,5/03/2026,IPHONE,IPAD A16,256,BLUE,SELLADO,$530
3894,5/03/2026,IPHONE,17,256,BLUE,SELLADO,$910
3895,5/03/2026,IPHONE,A16,128,BLACK,SELLADO,$128
3896,5/03/2026,IPHONE,A16,128,BLACK,SELLADO,$128
3897,5/03/2026,IPHONE,A16,128,BLACK,SELLADO,$128
3898,5/03/2026,IPHONE,A16,128,BLACK,SELLADO,$128
3899,5/03/2026,IPHONE,A16,128,BLACK,SELLADO,$128
3900,5/03/2026,IPHONE,A16,128,BLACK,SELLADO,$128
3901,5/03/2026,IPHONE,17 PRO MAX,256,SILVER,SELLADO,$1.445
3902,5/03/2026,IPHONE,17 PRO MAX,256,SILVER,SELLADO,$1.445
3903,5/03/2026,IPHONE,17 PRO MAX,256,SILVER,SELLADO,$1.445
3904,5/03/2026,IPHONE,17 PRO,256,DEEP BLUE ,SELLADO,$1.290
3905,5/03/2026,IPHONE,AIRPODS 3RA GEN,-,-,SELLADO,$140
3906,5/03/2026,IPHONE,16 PRO,128,DESERT,93,$750
3907,5/03/2026,IPHONE,,,,,$0
3908,5/03/2026,IPHONE,,,,,$0
3909,,IPHONE,,,,,$0
3910,,IPHONE,,,,,$0
3911,,IPHONE,,,,,$0
3912,,IPHONE,,,,,$0
3913,,IPHONE,,,,,$0
3914,,IPHONE,,,,,$0
3915,,IPHONE,,,,,$0
3916,,IPHONE,,,,,$0
3917,,IPHONE,,,,,$0
3918,,IPHONE,,,,,$0
3919,,IPHONE,,,,,$0
3920,,IPHONE,,,,,$0
3921,,IPHONE,,,,,$0
3922,,IPHONE,,,,,$0
3923,,IPHONE,,,,,$0
3924,,IPHONE,,,,,$0
3925,,IPHONE,,,,,$0
3926,,IPHONE,,,,,$0
3927,,IPHONE,,,,,$0
3928,,IPHONE,,,,,$0
3929,,IPHONE,,,,,$0
3930,,IPHONE,,,,,$0
3931,,IPHONE,,,,,$0
3932,,IPHONE,,,,,$0
3933,,IPHONE,,,,,$0
3934,,IPHONE,,,,,$0
3935,,IPHONE,,,,,$0
3936,,IPHONE,,,,,$0
3937,,IPHONE,,,,,$0
3938,,IPHONE,,,,,$0
3939,,IPHONE,,,,,$0
3940,,IPHONE,,,,,$0
3941,,IPHONE,,,,,$0
3942,,IPHONE,,,,,$0
3943,,IPHONE,,,,,$0
3944,,IPHONE,,,,,$0
3945,,IPHONE,,,,,$0
3946,,IPHONE,,,,,$0
3947,,IPHONE,,,,,$0
3948,,IPHONE,,,,,$0
3949,,IPHONE,,,,,$0
3950,,IPHONE,,,,,$0
3951,,IPHONE,,,,,$0
3952,,IPHONE,,,,,$0
3953,,IPHONE,,,,,$0
3954,,IPHONE,,,,,$0
3955,,IPHONE,,,,,$0
3956,,IPHONE,,,,,$0
3957,,IPHONE,,,,,$0
3958,,IPHONE,,,,,$0
3959,,IPHONE,,,,,$0
3960,,IPHONE,,,,,$0
3961,,IPHONE,,,,,$0
3962,,IPHONE,,,,,$0
3963,,IPHONE,,,,,$0
3964,,IPHONE,,,,,$0
3965,,IPHONE,,,,,$0
3966,,IPHONE,,,,,$0
3967,,IPHONE,,,,,$0
3968,,IPHONE,,,,,$0
3969,,IPHONE,,,,,$0
3970,,IPHONE,,,,,$0
3971,,IPHONE,,,,,$0
3972,,IPHONE,,,,,$0
3973,,IPHONE,,,,,$0
3974,,IPHONE,,,,,$0
3975,,IPHONE,,,,,$0
3976,,IPHONE,,,,,$0
3977,,IPHONE,,,,,$0
3978,,IPHONE,,,,,$0
3979,,IPHONE,,,,,$0
3980,,IPHONE,,,,,$0
3981,,IPHONE,,,,,$0
3982,,IPHONE,,,,,$0
3983,,IPHONE,,,,,$0
3984,,IPHONE,,,,,$0
3985,,IPHONE,,,,,$0
3986,,IPHONE,,,,,$0
3987,,IPHONE,,,,,$0
3988,,IPHONE,,,,,$0
3989,,IPHONE,,,,,$0
3990,,IPHONE,,,,,$0
3991,,IPHONE,,,,,$0
3992,,IPHONE,,,,,$0
3993,,IPHONE,,,,,$0
3994,,IPHONE,,,,,$0
3995,,IPHONE,,,,,$0
3996,,IPHONE,,,,,$0
3997,,IPHONE,,,,,$0
3998,,IPHONE,,,,,$0
3999,,IPHONE,,,,,$0
4000,,IPHONE,,,,,$0
4001,,IPHONE,,,,,$0
4002,,IPHONE,,,,,$0
4003,,IPHONE,,,,,$0
4004,,IPHONE,,,,,$0
4005,,IPHONE,,,,,$0
4006,,IPHONE,,,,,$0
4007,,IPHONE,,,,,$0
4008,,IPHONE,,,,,$0
4009,,IPHONE,,,,,$0
4010,,IPHONE,,,,,$0
4011,,IPHONE,,,,,$0
4012,,IPHONE,,,,,$0
4013,,IPHONE,,,,,$0
4014,,IPHONE,,,,,$0
4015,,IPHONE,,,,,$0
4016,,IPHONE,,,,,$0
4017,,IPHONE,,,,,$0
4018,,IPHONE,,,,,$0
4019,,IPHONE,,,,,$0
4020,,IPHONE,,,,,$0
4021,,IPHONE,,,,,$0
4022,,IPHONE,,,,,$0
4023,,IPHONE,,,,,$0
4024,,IPHONE,,,,,$0
4025,,IPHONE,,,,,$0
4026,,IPHONE,,,,,$0
4027,,IPHONE,,,,,$0
4028,,IPHONE,,,,,$0
4029,,IPHONE,,,,,$0
4030,,IPHONE,,,,,$0
4031,,IPHONE,,,,,$0
4032,,IPHONE,,,,,$0
4033,,IPHONE,,,,,$0
4034,,IPHONE,,,,,$0
4035,,IPHONE,,,,,$0
4036,,IPHONE,,,,,$0
4037,,IPHONE,,,,,$0
4038,,IPHONE,,,,,$0
4039,,IPHONE,,,,,$0
4040,,IPHONE,,,,,$0
4041,,IPHONE,,,,,$0
4042,,IPHONE,,,,,$0
4043,,IPHONE,,,,,$0
4044,,IPHONE,,,,,$0
4045,,IPHONE,,,,,$0
4046,,IPHONE,,,,,$0
4047,,IPHONE,,,,,$0
4048,,IPHONE,,,,,$0
4049,,IPHONE,,,,,$0
4050,,IPHONE,,,,,$0
4051,,IPHONE,,,,,$0
4052,,IPHONE,,,,,$0
4053,,IPHONE,,,,,$0
4054,,IPHONE,,,,,$0
4055,,IPHONE,,,,,$0
4056,,IPHONE,,,,,$0
4057,,IPHONE,,,,,$0
4058,,IPHONE,,,,,$0
4059,,IPHONE,,,,,$0
4060,,IPHONE,,,,,$0
4061,,IPHONE,,,,,$0
4062,,IPHONE,,,,,$0
4063,,IPHONE,,,,,$0
4064,,IPHONE,,,,,$0
4065,,IPHONE,,,,,$0
4066,,IPHONE,,,,,$0
4067,,IPHONE,,,,,$0
4068,,IPHONE,,,,,$0
4069,,IPHONE,,,,,$0
4070,,IPHONE,,,,,$0
4071,,IPHONE,,,,,$0
4072,,IPHONE,,,,,$0
4073,,IPHONE,,,,,$0
4074,,IPHONE,,,,,$0
4075,,IPHONE,,,,,$0
4076,,IPHONE,,,,,$0
4077,,IPHONE,,,,,$0
4078,,IPHONE,,,,,$0
4079,,IPHONE,,,,,$0
4080,,IPHONE,,,,,$0
4081,,IPHONE,,,,,$0
4082,,IPHONE,,,,,$0
4083,,IPHONE,,,,,$0
4084,,IPHONE,,,,,$0
4085,,IPHONE,,,,,$0
4086,,IPHONE,,,,,$0
4087,,IPHONE,,,,,$0
4088,,IPHONE,,,,,$0
4089,,IPHONE,,,,,$0
4090,,IPHONE,,,,,$0
4091,,IPHONE,,,,,$0
4092,,IPHONE,,,,,$0
4093,,IPHONE,,,,,$0
4094,,IPHONE,,,,,$0
4095,,IPHONE,,,,,$0
4096,,IPHONE,,,,,$0
4097,,IPHONE,,,,,$0
4098,,IPHONE,,,,,$0
4099,,IPHONE,,,,,$0
4100,,IPHONE,,,,,$0
4101,,IPHONE,,,,,$0
4102,,IPHONE,,,,,$0
4103,,IPHONE,,,,,$0
4104,,IPHONE,,,,,$0
4105,,IPHONE,,,,,$0
4106,,IPHONE,,,,,$0
4107,,IPHONE,,,,,$0
4108,,IPHONE,,,,,$0
4109,,IPHONE,,,,,$0
4110,,IPHONE,,,,,$0
4111,,IPHONE,,,,,$0
4112,,IPHONE,,,,,$0
4113,,IPHONE,,,,,$0
4114,,IPHONE,,,,,$0
4115,,IPHONE,,,,,$0
4116,,IPHONE,,,,,$0
4117,,IPHONE,,,,,$0
4118,,IPHONE,,,,,$0
4119,,IPHONE,,,,,$0
4120,,IPHONE,,,,,$0
4121,,IPHONE,,,,,$0
4122,,IPHONE,,,,,$0
4123,,IPHONE,,,,,$0
4124,,IPHONE,,,,,$0
4125,,IPHONE,,,,,$0
4126,,IPHONE,,,,,$0
4127,,IPHONE,,,,,$0
4128,,IPHONE,,,,,$0
4129,,IPHONE,,,,,$0
4130,,IPHONE,,,,,$0
4131,,IPHONE,,,,,$0
4132,,IPHONE,,,,,$0
4133,,IPHONE,,,,,$0
4134,,IPHONE,,,,,$0
4135,,IPHONE,,,,,$0
4136,,IPHONE,,,,,$0
4137,,IPHONE,,,,,$0
4138,,IPHONE,,,,,$0
4139,,IPHONE,,,,,$0
4140,,IPHONE,,,,,$0
4141,,IPHONE,,,,,$0
4142,,IPHONE,,,,,$0
4143,,IPHONE,,,,,$0
4144,,IPHONE,,,,,$0
4145,,IPHONE,,,,,$0
4146,,IPHONE,,,,,$0
4147,,IPHONE,,,,,$0
4148,,IPHONE,,,,,$0
4149,,IPHONE,,,,,$0
4150,,IPHONE,,,,,$0
4151,,IPHONE,,,,,$0
4152,,IPHONE,,,,,$0
4153,,IPHONE,,,,,$0
4154,,IPHONE,,,,,$0
4155,,IPHONE,,,,,$0
4156,,IPHONE,,,,,$0
4157,,IPHONE,,,,,$0
4158,,IPHONE,,,,,$0
4159,,IPHONE,,,,,$0
4160,,IPHONE,,,,,$0
4161,,IPHONE,,,,,$0
4162,,IPHONE,,,,,$0
4163,,IPHONE,,,,,$0
4164,,IPHONE,,,,,$0
4165,,IPHONE,,,,,$0
4166,,IPHONE,,,,,$0
4167,,IPHONE,,,,,$0
4168,,IPHONE,,,,,$0
4169,,IPHONE,,,,,$0
4170,,IPHONE,,,,,$0
4171,,IPHONE,,,,,$0